Region	Year	HealthCondition	Sector	Pct_InWork
Manc	1998	Cancer	Digital	20.4704419340403
Manc	1999	Cancer	Digital	21.9167134949766
Manc	2e3	Cancer	Digital	27.7856013586272
Manc	2001	Cancer	Digital	25.9895957406558
Manc	2002	Cancer	Digital	24.9063110474829
Manc	2003	Cancer	Digital	25.5903695268382
Manc	2004	Cancer	Digital	25.9061771640051
Manc	2005	Cancer	Digital	26.4663100876048
Manc	2006	Cancer	Digital	26.6218739067221
Manc	2007	Cancer	Digital	24.2255478800303
Manc	2008	Cancer	Digital	24.558682458834
Manc	2009	Cancer	Digital	24.7921523624055
Manc	2010	Cancer	Digital	28.100512591933
Manc	2011	Cancer	Digital	25.502485727542
Manc	2012	Cancer	Digital	27.1700435775207
Manc	2013	Cancer	Digital	26.7352900150056
Manc	2014	Cancer	Digital	28.3863832245857
Manc	2015	Cancer	Digital	29.722196353381
Manc	2016	Cancer	Digital	27.263958350865
Manc	2017	Cancer	Digital	25.2143909992345
Manc	1998	Depression	Digital	15.8340388938359
Manc	1999	Depression	Digital	16.8591834069095
Manc	2e3	Depression	Digital	16.5540422326121
Manc	2001	Depression	Digital	15.7111611073142
Manc	2002	Depression	Digital	13.3138709145473
Manc	2003	Depression	Digital	16.7192835099991
Manc	2004	Depression	Digital	12.0479828735048
Manc	2005	Depression	Digital	16.8256543264071
Manc	2006	Depression	Digital	14.1479060182549
Manc	2007	Depression	Digital	16.6534990159471
Manc	2008	Depression	Digital	14.6888565851193
Manc	2009	Depression	Digital	16.9813382757805
Manc	2010	Depression	Digital	13.1847189438456
Manc	2011	Depression	Digital	18.6515527948967
Manc	2012	Depression	Digital	14.6304941974929
Manc	2013	Depression	Digital	14.5668763259185
Manc	2014	Depression	Digital	18.0443710632699
Manc	2015	Depression	Digital	17.1082348629102
Manc	2016	Depression	Digital	15.1746143318668
Manc	2017	Depression	Digital	15.1023822798441
Manc	1998	Anxiety	Digital	12.9848944182064
Manc	1999	Anxiety	Digital	15.0318214325606
Manc	2e3	Anxiety	Digital	13.8951212044638
Manc	2001	Anxiety	Digital	13.4809265770804
Manc	2002	Anxiety	Digital	13.2278054426297
Manc	2003	Anxiety	Digital	13.4335260514601
Manc	2004	Anxiety	Digital	13.0355447599718
Manc	2005	Anxiety	Digital	14.6033596034845
Manc	2006	Anxiety	Digital	15.3459950252234
Manc	2007	Anxiety	Digital	14.6159674271721
Manc	2008	Anxiety	Digital	16.6761876458994
Manc	2009	Anxiety	Digital	17.7091280934161
Manc	2010	Anxiety	Digital	14.9105736869178
Manc	2011	Anxiety	Digital	17.164459339028
Manc	2012	Anxiety	Digital	15.6121520961298
Manc	2013	Anxiety	Digital	17.7752620624775
Manc	2014	Anxiety	Digital	20.6253468793071
Manc	2015	Anxiety	Digital	19.7449459951558
Manc	2016	Anxiety	Digital	19.4585926122905
Manc	2017	Anxiety	Digital	18.1249236301506
Manc	1998	Musculoskeletal	Digital	9.04739737449203
Manc	1999	Musculoskeletal	Digital	8.66035162190572
Manc	2e3	Musculoskeletal	Digital	9.71401441579446
Manc	2001	Musculoskeletal	Digital	15.0225723468036
Manc	2002	Musculoskeletal	Digital	16.4854091084714
Manc	2003	Musculoskeletal	Digital	17.6696902807574
Manc	2004	Musculoskeletal	Digital	16.1456353742391
Manc	2005	Musculoskeletal	Digital	20.2108895101598
Manc	2006	Musculoskeletal	Digital	23.2861942804821
Manc	2007	Musculoskeletal	Digital	21.103634128691
Manc	2008	Musculoskeletal	Digital	24.1853391935244
Manc	2009	Musculoskeletal	Digital	23.623088655034
Manc	2010	Musculoskeletal	Digital	24.453182779352
Manc	2011	Musculoskeletal	Digital	26.8460456971055
Manc	2012	Musculoskeletal	Digital	24.1098630444495
Manc	2013	Musculoskeletal	Digital	24.7740669113559
Manc	2014	Musculoskeletal	Digital	28.9907206318572
Manc	2015	Musculoskeletal	Digital	32.4551213349856
Manc	2016	Musculoskeletal	Digital	32.1266323297379
Manc	2017	Musculoskeletal	Digital	34.5517613221801
Shef	1998	Cancer	Digital	14.1978084504618
Shef	1999	Cancer	Digital	13.6143629156595
Shef	2e3	Cancer	Digital	12.2379047588637
Shef	2001	Cancer	Digital	12.0855160185909
Shef	2002	Cancer	Digital	17.7440929593852
Shef	2003	Cancer	Digital	14.678279368656
Shef	2004	Cancer	Digital	17.4248736004938
Shef	2005	Cancer	Digital	15.2053189328371
Shef	2006	Cancer	Digital	13.591279258193
Shef	2007	Cancer	Digital	13.8842535158862
Shef	2008	Cancer	Digital	15.4478639061945
Shef	2009	Cancer	Digital	16.3969357774851
Shef	2010	Cancer	Digital	19.1155106859979
Shef	2011	Cancer	Digital	21.6016277706725
Shef	2012	Cancer	Digital	20.9711972777843
Shef	2013	Cancer	Digital	23.9792733523705
Shef	2014	Cancer	Digital	23.4354489709858
Shef	2015	Cancer	Digital	22.5598677508749
Shef	2016	Cancer	Digital	23.8300055045886
Shef	2017	Cancer	Digital	22.7000604546051
Shef	1998	Depression	Digital	16.9705902395321
Shef	1999	Depression	Digital	18.940224116492
Shef	2e3	Depression	Digital	16.0194240005976
Shef	2001	Depression	Digital	11.298966257268
Shef	2002	Depression	Digital	13.9823587159684
Shef	2003	Depression	Digital	14.5078165148862
Shef	2004	Depression	Digital	14.3553122006395
Shef	2005	Depression	Digital	12.743133008859
Shef	2006	Depression	Digital	13.52869006581
Shef	2007	Depression	Digital	12.3873853472485
Shef	2008	Depression	Digital	12.8175748029667
Shef	2009	Depression	Digital	11.6761353640907
Shef	2010	Depression	Digital	13.9015492616138
Shef	2011	Depression	Digital	14.4962105624743
Shef	2012	Depression	Digital	13.9734487336944
Shef	2013	Depression	Digital	14.9679927492578
Shef	2014	Depression	Digital	13.4744633860392
Shef	2015	Depression	Digital	12.8669939443782
Shef	2016	Depression	Digital	14.0874745082204
Shef	2017	Depression	Digital	14.5451681579535
Shef	1998	Anxiety	Digital	19.8310807997362
Shef	1999	Anxiety	Digital	22.023180215175
Shef	2e3	Anxiety	Digital	23.5778964752601
Shef	2001	Anxiety	Digital	22.619316901956
Shef	2002	Anxiety	Digital	23.6031533126766
Shef	2003	Anxiety	Digital	22.3839833085724
Shef	2004	Anxiety	Digital	20.9630894595783
Shef	2005	Anxiety	Digital	19.3797449308137
Shef	2006	Anxiety	Digital	18.3429896906047
Shef	2007	Anxiety	Digital	19.4298620546944
Shef	2008	Anxiety	Digital	18.1517714918457
Shef	2009	Anxiety	Digital	19.5856059657745
Shef	2010	Anxiety	Digital	21.6231707940477
Shef	2011	Anxiety	Digital	19.5063106031852
Shef	2012	Anxiety	Digital	21.6479127967174
Shef	2013	Anxiety	Digital	20.7821147269526
Shef	2014	Anxiety	Digital	18.5705790558252
Shef	2015	Anxiety	Digital	16.6362274920157
Shef	2016	Anxiety	Digital	21.1415616953605
Shef	2017	Anxiety	Digital	18.824059547367
Shef	1998	Musculoskeletal	Digital	5.08688710015297
Shef	1999	Musculoskeletal	Digital	8.49769231328659
Shef	2e3	Musculoskeletal	Digital	11.2982732488248
Shef	2001	Musculoskeletal	Digital	8.39192051892544
Shef	2002	Musculoskeletal	Digital	11.9778550841195
Shef	2003	Musculoskeletal	Digital	9.8853233961002
Shef	2004	Musculoskeletal	Digital	13.415192086373
Shef	2005	Musculoskeletal	Digital	15.7033791893149
Shef	2006	Musculoskeletal	Digital	18.1283683045256
Shef	2007	Musculoskeletal	Digital	15.0525458991383
Shef	2008	Musculoskeletal	Digital	10.4558943288472
Shef	2009	Musculoskeletal	Digital	15.4881845209661
Shef	2010	Musculoskeletal	Digital	18.9919846421013
Shef	2011	Musculoskeletal	Digital	16.1469172479553
Shef	2012	Musculoskeletal	Digital	20.0807563941605
Shef	2013	Musculoskeletal	Digital	18.3182087671182
Shef	2014	Musculoskeletal	Digital	22.2076579879238
Shef	2015	Musculoskeletal	Digital	18.8970761407589
Shef	2016	Musculoskeletal	Digital	21.0872216760154
Shef	2017	Musculoskeletal	Digital	24.5415514681095
Leeds	1998	Cancer	Digital	20.2523200094237
Leeds	1999	Cancer	Digital	17.5987777938429
Leeds	2e3	Cancer	Digital	20.8028700568567
Leeds	2001	Cancer	Digital	20.3568619141506
Leeds	2002	Cancer	Digital	20.2782439861073
Leeds	2003	Cancer	Digital	22.3656974293911
Leeds	2004	Cancer	Digital	22.5538877740336
Leeds	2005	Cancer	Digital	24.98391224749
Leeds	2006	Cancer	Digital	25.0170195191209
Leeds	2007	Cancer	Digital	24.9350191526802
Leeds	2008	Cancer	Digital	25.5553379076967
Leeds	2009	Cancer	Digital	29.3506431961663
Leeds	2010	Cancer	Digital	30.169079382761
Leeds	2011	Cancer	Digital	28.5763354891993
Leeds	2012	Cancer	Digital	30.9817228581566
Leeds	2013	Cancer	Digital	33.8211436220661
Leeds	2014	Cancer	Digital	29.6645256156498
Leeds	2015	Cancer	Digital	28.658154243265
Leeds	2016	Cancer	Digital	30.7346051227939
Leeds	2017	Cancer	Digital	29.8040272915337
Leeds	1998	Depression	Digital	19.7365198379408
Leeds	1999	Depression	Digital	17.979368124823
Leeds	2e3	Depression	Digital	23.5741261278349
Leeds	2001	Depression	Digital	24.3092605972415
Leeds	2002	Depression	Digital	21.7369934004067
Leeds	2003	Depression	Digital	25.9675812210898
Leeds	2004	Depression	Digital	23.4033118510282
Leeds	2005	Depression	Digital	21.6399152360023
Leeds	2006	Depression	Digital	24.3389525354397
Leeds	2007	Depression	Digital	24.5233944540749
Leeds	2008	Depression	Digital	23.5373965544554
Leeds	2009	Depression	Digital	23.9180443423904
Leeds	2010	Depression	Digital	24.3463590533655
Leeds	2011	Depression	Digital	24.2997251051571
Leeds	2012	Depression	Digital	24.9518294280027
Leeds	2013	Depression	Digital	24.7486952351443
Leeds	2014	Depression	Digital	24.4268480996548
Leeds	2015	Depression	Digital	25.3967974575752
Leeds	2016	Depression	Digital	22.4558352759066
Leeds	2017	Depression	Digital	22.5953766279797
Leeds	1998	Anxiety	Digital	16.2538709156484
Leeds	1999	Anxiety	Digital	17.9520906041195
Leeds	2e3	Anxiety	Digital	16.6789898265775
Leeds	2001	Anxiety	Digital	17.8952224052987
Leeds	2002	Anxiety	Digital	18.8712801249357
Leeds	2003	Anxiety	Digital	15.8378493119584
Leeds	2004	Anxiety	Digital	14.3633083211102
Leeds	2005	Anxiety	Digital	12.2663322960449
Leeds	2006	Anxiety	Digital	9.64474878625104
Leeds	2007	Anxiety	Digital	12.1046259118734
Leeds	2008	Anxiety	Digital	14.6224665025651
Leeds	2009	Anxiety	Digital	10.2172661845303
Leeds	2010	Anxiety	Digital	10.5821366526985
Leeds	2011	Anxiety	Digital	12.4485951375374
Leeds	2012	Anxiety	Digital	14.4432636294597
Leeds	2013	Anxiety	Digital	13.0285884763551
Leeds	2014	Anxiety	Digital	12.2408230673406
Leeds	2015	Anxiety	Digital	11.8543527885438
Leeds	2016	Anxiety	Digital	8.93111019360707
Leeds	2017	Anxiety	Digital	10.6390298982658
Leeds	1998	Musculoskeletal	Digital	4.75759190732759
Leeds	1999	Musculoskeletal	Digital	8.46465126501651
Leeds	2e3	Musculoskeletal	Digital	10.6183800471909
Leeds	2001	Musculoskeletal	Digital	10.8013405179412
Leeds	2002	Musculoskeletal	Digital	9.14408163383976
Leeds	2003	Musculoskeletal	Digital	8.18517496620698
Leeds	2004	Musculoskeletal	Digital	11.3326677458764
Leeds	2005	Musculoskeletal	Digital	11.4295541314437
Leeds	2006	Musculoskeletal	Digital	15.3040513647158
Leeds	2007	Musculoskeletal	Digital	14.5385464013579
Leeds	2008	Musculoskeletal	Digital	16.0183552475593
Leeds	2009	Musculoskeletal	Digital	18.3953664383759
Leeds	2010	Musculoskeletal	Digital	19.55153682002
Leeds	2011	Musculoskeletal	Digital	21.2887861473161
Leeds	2012	Musculoskeletal	Digital	22.1853887361569
Leeds	2013	Musculoskeletal	Digital	23.0221396634247
Leeds	2014	Musculoskeletal	Digital	27.448737891494
Leeds	2015	Musculoskeletal	Digital	26.3688470098196
Leeds	2016	Musculoskeletal	Digital	24.7250847894701
Leeds	2017	Musculoskeletal	Digital	26.391554990807
Newcastle	1998	Cancer	Digital	17.3130395970122
Newcastle	1999	Cancer	Digital	19.1735844122238
Newcastle	2e3	Cancer	Digital	19.1896735526993
Newcastle	2001	Cancer	Digital	18.3686053104505
Newcastle	2002	Cancer	Digital	19.3191589165956
Newcastle	2003	Cancer	Digital	18.6240373640035
Newcastle	2004	Cancer	Digital	22.0636865378259
Newcastle	2005	Cancer	Digital	20.7205651285946
Newcastle	2006	Cancer	Digital	22.5911618636363
Newcastle	2007	Cancer	Digital	22.4258658060665
Newcastle	2008	Cancer	Digital	21.1492169877481
Newcastle	2009	Cancer	Digital	22.396264317016
Newcastle	2010	Cancer	Digital	25.5903571312388
Newcastle	2011	Cancer	Digital	25.0802705309328
Newcastle	2012	Cancer	Digital	23.4981431775109
Newcastle	2013	Cancer	Digital	29.2701553224267
Newcastle	2014	Cancer	Digital	26.2791963292787
Newcastle	2015	Cancer	Digital	32.2028458027853
Newcastle	2016	Cancer	Digital	28.0623598712042
Newcastle	2017	Cancer	Digital	31.9477881488891
Newcastle	1998	Depression	Digital	-0.206500003975484
Newcastle	1999	Depression	Digital	4.59546990499875
Newcastle	2e3	Depression	Digital	5.10942354326896
Newcastle	2001	Depression	Digital	-0.329044573820517
Newcastle	2002	Depression	Digital	-1.09088318261954
Newcastle	2003	Depression	Digital	-2.1511131781963
Newcastle	2004	Depression	Digital	0.12121339932092
Newcastle	2005	Depression	Digital	1.50548850350306
Newcastle	2006	Depression	Digital	0.303412184402475
Newcastle	2007	Depression	Digital	2.58590346426585
Newcastle	2008	Depression	Digital	3.42530023169976
Newcastle	2009	Depression	Digital	0.467783618753317
Newcastle	2010	Depression	Digital	-3.32280100536489
Newcastle	2011	Depression	Digital	0.84901282658786
Newcastle	2012	Depression	Digital	3.48379669743521
Newcastle	2013	Depression	Digital	1.05254590085413
Newcastle	2014	Depression	Digital	1.56733380492416
Newcastle	2015	Depression	Digital	-1.59898942464383
Newcastle	2016	Depression	Digital	1.19147764456085
Newcastle	2017	Depression	Digital	2.67768604188166
Newcastle	1998	Anxiety	Digital	20.2207899379656
Newcastle	1999	Anxiety	Digital	20.0863958133893
Newcastle	2e3	Anxiety	Digital	18.9443294287111
Newcastle	2001	Anxiety	Digital	20.0563946755986
Newcastle	2002	Anxiety	Digital	19.5257523400987
Newcastle	2003	Anxiety	Digital	18.3043655934962
Newcastle	2004	Anxiety	Digital	21.4854866749603
Newcastle	2005	Anxiety	Digital	22.0390159606034
Newcastle	2006	Anxiety	Digital	16.7001421195791
Newcastle	2007	Anxiety	Digital	20.9139721879798
Newcastle	2008	Anxiety	Digital	22.197267893524
Newcastle	2009	Anxiety	Digital	23.7738965362427
Newcastle	2010	Anxiety	Digital	20.3423633675308
Newcastle	2011	Anxiety	Digital	23.9142300975823
Newcastle	2012	Anxiety	Digital	20.5559663059488
Newcastle	2013	Anxiety	Digital	13.9042830939332
Newcastle	2014	Anxiety	Digital	20.0496520403693
Newcastle	2015	Anxiety	Digital	15.3841250054361
Newcastle	2016	Anxiety	Digital	16.6975030840598
Newcastle	2017	Anxiety	Digital	18.131423038863
Newcastle	1998	Musculoskeletal	Digital	6.36593381682057
Newcastle	1999	Musculoskeletal	Digital	3.10115609771503
Newcastle	2e3	Musculoskeletal	Digital	9.95819096474
Newcastle	2001	Musculoskeletal	Digital	10.3339379494516
Newcastle	2002	Musculoskeletal	Digital	14.4499728036795
Newcastle	2003	Musculoskeletal	Digital	12.3015412650447
Newcastle	2004	Musculoskeletal	Digital	12.8756478135013
Newcastle	2005	Musculoskeletal	Digital	14.1150325898348
Newcastle	2006	Musculoskeletal	Digital	14.5212590852481
Newcastle	2007	Musculoskeletal	Digital	14.0303396856102
Newcastle	2008	Musculoskeletal	Digital	15.4155106879293
Newcastle	2009	Musculoskeletal	Digital	21.6021304616542
Newcastle	2010	Musculoskeletal	Digital	21.9335651691764
Newcastle	2011	Musculoskeletal	Digital	22.0236372225498
Newcastle	2012	Musculoskeletal	Digital	21.2298044936208
Newcastle	2013	Musculoskeletal	Digital	22.1365660561573
Newcastle	2014	Musculoskeletal	Digital	22.3285098652389
Newcastle	2015	Musculoskeletal	Digital	25.5192039091336
Newcastle	2016	Musculoskeletal	Digital	24.5123076820717
Newcastle	2017	Musculoskeletal	Digital	25.366644002644
Bham	1998	Cancer	Digital	20.0736121196624
Bham	1999	Cancer	Digital	23.5394139287533
Bham	2e3	Cancer	Digital	25.1921895128722
Bham	2001	Cancer	Digital	27.1029923086654
Bham	2002	Cancer	Digital	27.2921477546451
Bham	2003	Cancer	Digital	23.4646781481589
Bham	2004	Cancer	Digital	24.6670995892342
Bham	2005	Cancer	Digital	25.7804289514838
Bham	2006	Cancer	Digital	27.3842837474834
Bham	2007	Cancer	Digital	29.617519163614
Bham	2008	Cancer	Digital	30.9892808436059
Bham	2009	Cancer	Digital	30.2467204198337
Bham	2010	Cancer	Digital	32.7581824338284
Bham	2011	Cancer	Digital	30.6352295861011
Bham	2012	Cancer	Digital	29.1980219340899
Bham	2013	Cancer	Digital	32.4159530784948
Bham	2014	Cancer	Digital	35.3699650303333
Bham	2015	Cancer	Digital	30.1049748783488
Bham	2016	Cancer	Digital	33.1957027893381
Bham	2017	Cancer	Digital	32.4230404344334
Bham	1998	Depression	Digital	1.11503989830147
Bham	1999	Depression	Digital	1.30713004231119
Bham	2e3	Depression	Digital	1.43475449482898
Bham	2001	Depression	Digital	3.83542551199904
Bham	2002	Depression	Digital	4.25571633991347
Bham	2003	Depression	Digital	6.53269645368283
Bham	2004	Depression	Digital	6.96961747744269
Bham	2005	Depression	Digital	5.17708687388977
Bham	2006	Depression	Digital	5.39084216052315
Bham	2007	Depression	Digital	4.72157844117439
Bham	2008	Depression	Digital	7.45321908805982
Bham	2009	Depression	Digital	7.47916382954895
Bham	2010	Depression	Digital	4.38659209589274
Bham	2011	Depression	Digital	7.47173921187284
Bham	2012	Depression	Digital	6.61583144608707
Bham	2013	Depression	Digital	5.94521297237667
Bham	2014	Depression	Digital	6.92325423716535
Bham	2015	Depression	Digital	8.28318581895619
Bham	2016	Depression	Digital	7.75163910265999
Bham	2017	Depression	Digital	8.66168939166587
Bham	1998	Anxiety	Digital	5.08557892654565
Bham	1999	Anxiety	Digital	5.65724884424908
Bham	2e3	Anxiety	Digital	3.73200062428562
Bham	2001	Anxiety	Digital	2.52758605994835
Bham	2002	Anxiety	Digital	4.75737512717417
Bham	2003	Anxiety	Digital	4.40857973491367
Bham	2004	Anxiety	Digital	2.0513598584035
Bham	2005	Anxiety	Digital	4.98150406638847
Bham	2006	Anxiety	Digital	6.56230515751724
Bham	2007	Anxiety	Digital	5.169361077989
Bham	2008	Anxiety	Digital	6.92674674467146
Bham	2009	Anxiety	Digital	6.56956791542661
Bham	2010	Anxiety	Digital	6.39923406048658
Bham	2011	Anxiety	Digital	6.69978016069285
Bham	2012	Anxiety	Digital	11.6862762095682
Bham	2013	Anxiety	Digital	7.89050046337893
Bham	2014	Anxiety	Digital	7.44820209262133
Bham	2015	Anxiety	Digital	8.92185909554248
Bham	2016	Anxiety	Digital	4.71423961560026
Bham	2017	Anxiety	Digital	7.79273893082345
Bham	1998	Musculoskeletal	Digital	8.1903098445965
Bham	1999	Musculoskeletal	Digital	5.87196225585206
Bham	2e3	Musculoskeletal	Digital	6.40073012057896
Bham	2001	Musculoskeletal	Digital	7.21074811799662
Bham	2002	Musculoskeletal	Digital	10.5725675922779
Bham	2003	Musculoskeletal	Digital	12.0156341587833
Bham	2004	Musculoskeletal	Digital	12.294445526056
Bham	2005	Musculoskeletal	Digital	12.7861183393972
Bham	2006	Musculoskeletal	Digital	14.5391503072352
Bham	2007	Musculoskeletal	Digital	15.6318405321764
Bham	2008	Musculoskeletal	Digital	12.5773406971895
Bham	2009	Musculoskeletal	Digital	15.0090398013263
Bham	2010	Musculoskeletal	Digital	15.4122575133233
Bham	2011	Musculoskeletal	Digital	16.7736877137728
Bham	2012	Musculoskeletal	Digital	21.6871968405008
Bham	2013	Musculoskeletal	Digital	19.6874522403861
Bham	2014	Musculoskeletal	Digital	19.8830128891307
Bham	2015	Musculoskeletal	Digital	18.5885370802815
Bham	2016	Musculoskeletal	Digital	22.3289996827399
Bham	2017	Musculoskeletal	Digital	22.5469144093153
Manc	1998	Cancer	Nhs	20.4911346830877
Manc	1999	Cancer	Nhs	21.5539237057135
Manc	2e3	Cancer	Nhs	21.0995798963548
Manc	2001	Cancer	Nhs	20.5625413499087
Manc	2002	Cancer	Nhs	23.7351314462846
Manc	2003	Cancer	Nhs	28.5896930278456
Manc	2004	Cancer	Nhs	28.0312346079091
Manc	2005	Cancer	Nhs	25.5973350351226
Manc	2006	Cancer	Nhs	22.2260930007754
Manc	2007	Cancer	Nhs	20.7666655162505
Manc	2008	Cancer	Nhs	25.3147520930122
Manc	2009	Cancer	Nhs	22.0621648394758
Manc	2010	Cancer	Nhs	27.3568287452672
Manc	2011	Cancer	Nhs	26.7379379750336
Manc	2012	Cancer	Nhs	24.8248353349293
Manc	2013	Cancer	Nhs	26.9943176878269
Manc	2014	Cancer	Nhs	28.1188043664924
Manc	2015	Cancer	Nhs	27.9082209292878
Manc	2016	Cancer	Nhs	30.0046873385274
Manc	2017	Cancer	Nhs	30.3337286101731
Manc	1998	Depression	Nhs	8.34467061893669
Manc	1999	Depression	Nhs	6.57816858836664
Manc	2e3	Depression	Nhs	6.91382595098984
Manc	2001	Depression	Nhs	10.3231345755048
Manc	2002	Depression	Nhs	6.08408284007893
Manc	2003	Depression	Nhs	9.6024304495348
Manc	2004	Depression	Nhs	9.97191257921261
Manc	2005	Depression	Nhs	11.6778416729002
Manc	2006	Depression	Nhs	13.6432545930589
Manc	2007	Depression	Nhs	8.56258229900976
Manc	2008	Depression	Nhs	8.82818848879671
Manc	2009	Depression	Nhs	10.8121124688503
Manc	2010	Depression	Nhs	12.5712105181751
Manc	2011	Depression	Nhs	10.1238488363923
Manc	2012	Depression	Nhs	11.1202514505149
Manc	2013	Depression	Nhs	12.4242031026111
Manc	2014	Depression	Nhs	12.0318177998965
Manc	2015	Depression	Nhs	9.92076023186164
Manc	2016	Depression	Nhs	8.75034681761577
Manc	2017	Depression	Nhs	7.09176526569511
Manc	1998	Anxiety	Nhs	11.9844924844138
Manc	1999	Anxiety	Nhs	10.924132408868
Manc	2e3	Anxiety	Nhs	10.2424955852245
Manc	2001	Anxiety	Nhs	13.0781851941555
Manc	2002	Anxiety	Nhs	7.65778616547719
Manc	2003	Anxiety	Nhs	10.9707404758448
Manc	2004	Anxiety	Nhs	12.0288698718566
Manc	2005	Anxiety	Nhs	11.2139869014386
Manc	2006	Anxiety	Nhs	12.1071850016244
Manc	2007	Anxiety	Nhs	10.2612573699032
Manc	2008	Anxiety	Nhs	13.4237953380987
Manc	2009	Anxiety	Nhs	12.0651705298158
Manc	2010	Anxiety	Nhs	14.3624967801648
Manc	2011	Anxiety	Nhs	12.4367123188855
Manc	2012	Anxiety	Nhs	9.95897040919641
Manc	2013	Anxiety	Nhs	12.1296809565325
Manc	2014	Anxiety	Nhs	8.93782569262527
Manc	2015	Anxiety	Nhs	9.31361669706764
Manc	2016	Anxiety	Nhs	11.9302128365053
Manc	2017	Anxiety	Nhs	13.7743546247647
Manc	1998	Musculoskeletal	Nhs	7.37750328901412
Manc	1999	Musculoskeletal	Nhs	9.36813683030699
Manc	2e3	Musculoskeletal	Nhs	12.1835957184393
Manc	2001	Musculoskeletal	Nhs	16.0717456831706
Manc	2002	Musculoskeletal	Nhs	13.2992143250083
Manc	2003	Musculoskeletal	Nhs	19.2553548687528
Manc	2004	Musculoskeletal	Nhs	17.1446131072553
Manc	2005	Musculoskeletal	Nhs	16.1455791825157
Manc	2006	Musculoskeletal	Nhs	18.0503302170969
Manc	2007	Musculoskeletal	Nhs	19.3723473573891
Manc	2008	Musculoskeletal	Nhs	20.7784147660925
Manc	2009	Musculoskeletal	Nhs	18.1963898954639
Manc	2010	Musculoskeletal	Nhs	17.7058344531109
Manc	2011	Musculoskeletal	Nhs	22.8464489059292
Manc	2012	Musculoskeletal	Nhs	26.3312984677057
Manc	2013	Musculoskeletal	Nhs	27.7254748652765
Manc	2014	Musculoskeletal	Nhs	28.188411491818
Manc	2015	Musculoskeletal	Nhs	28.824802158827
Manc	2016	Musculoskeletal	Nhs	27.6613741344413
Manc	2017	Musculoskeletal	Nhs	31.3763657276448
Shef	1998	Cancer	Nhs	17.9999040369574
Shef	1999	Cancer	Nhs	17.6393431466698
Shef	2e3	Cancer	Nhs	18.2483296442792
Shef	2001	Cancer	Nhs	19.0618008355178
Shef	2002	Cancer	Nhs	20.2604048614134
Shef	2003	Cancer	Nhs	23.6858980517684
Shef	2004	Cancer	Nhs	23.0213624130896
Shef	2005	Cancer	Nhs	24.5278179577459
Shef	2006	Cancer	Nhs	28.1361036743609
Shef	2007	Cancer	Nhs	22.1396317036745
Shef	2008	Cancer	Nhs	22.0692783955647
Shef	2009	Cancer	Nhs	24.6538352935998
Shef	2010	Cancer	Nhs	25.2859913156439
Shef	2011	Cancer	Nhs	23.4818118371006
Shef	2012	Cancer	Nhs	22.5590027457482
Shef	2013	Cancer	Nhs	26.0482522273061
Shef	2014	Cancer	Nhs	23.4949553662115
Shef	2015	Cancer	Nhs	28.9628684227356
Shef	2016	Cancer	Nhs	30.3565040551382
Shef	2017	Cancer	Nhs	27.722288860297
Shef	1998	Depression	Nhs	14.8159339455796
Shef	1999	Depression	Nhs	15.0047542982908
Shef	2e3	Depression	Nhs	10.7506095801167
Shef	2001	Depression	Nhs	13.4334077265518
Shef	2002	Depression	Nhs	13.4712490670813
Shef	2003	Depression	Nhs	12.3209386384207
Shef	2004	Depression	Nhs	10.3089153380254
Shef	2005	Depression	Nhs	11.135914526735
Shef	2006	Depression	Nhs	10.6155985606954
Shef	2007	Depression	Nhs	13.1381830644932
Shef	2008	Depression	Nhs	14.7145757760548
Shef	2009	Depression	Nhs	14.4236593163305
Shef	2010	Depression	Nhs	12.9872251674803
Shef	2011	Depression	Nhs	12.7823238102953
Shef	2012	Depression	Nhs	13.8230337544192
Shef	2013	Depression	Nhs	16.8766451908911
Shef	2014	Depression	Nhs	12.9424563899865
Shef	2015	Depression	Nhs	14.5854069926119
Shef	2016	Depression	Nhs	11.4544323802077
Shef	2017	Depression	Nhs	13.8100106502631
Shef	1998	Anxiety	Nhs	11.6114465224198
Shef	1999	Anxiety	Nhs	12.0464335519968
Shef	2e3	Anxiety	Nhs	11.7676074906695
Shef	2001	Anxiety	Nhs	8.09667307088396
Shef	2002	Anxiety	Nhs	10.5938573350669
Shef	2003	Anxiety	Nhs	14.9091259517881
Shef	2004	Anxiety	Nhs	12.9624836253237
Shef	2005	Anxiety	Nhs	11.5760705497709
Shef	2006	Anxiety	Nhs	13.2941252898573
Shef	2007	Anxiety	Nhs	13.7391897081795
Shef	2008	Anxiety	Nhs	15.407250146388
Shef	2009	Anxiety	Nhs	14.4133237475866
Shef	2010	Anxiety	Nhs	15.0236751780775
Shef	2011	Anxiety	Nhs	14.1070237595594
Shef	2012	Anxiety	Nhs	18.466155238689
Shef	2013	Anxiety	Nhs	19.1423222437477
Shef	2014	Anxiety	Nhs	21.6610854736855
Shef	2015	Anxiety	Nhs	19.0294519727319
Shef	2016	Anxiety	Nhs	18.1425213842847
Shef	2017	Anxiety	Nhs	19.7779975654893
Shef	1998	Musculoskeletal	Nhs	7.01927664949792
Shef	1999	Musculoskeletal	Nhs	6.33095270663418
Shef	2e3	Musculoskeletal	Nhs	6.80238418590589
Shef	2001	Musculoskeletal	Nhs	6.02602854584801
Shef	2002	Musculoskeletal	Nhs	6.32657628420584
Shef	2003	Musculoskeletal	Nhs	10.6785389014643
Shef	2004	Musculoskeletal	Nhs	11.0814601773261
Shef	2005	Musculoskeletal	Nhs	9.06574810916517
Shef	2006	Musculoskeletal	Nhs	13.2535323821688
Shef	2007	Musculoskeletal	Nhs	11.9129377249706
Shef	2008	Musculoskeletal	Nhs	14.4906722969662
Shef	2009	Musculoskeletal	Nhs	11.518922254668
Shef	2010	Musculoskeletal	Nhs	11.620337520881
Shef	2011	Musculoskeletal	Nhs	11.2710331039546
Shef	2012	Musculoskeletal	Nhs	14.7083712609978
Shef	2013	Musculoskeletal	Nhs	11.972106394228
Shef	2014	Musculoskeletal	Nhs	11.5832117939512
Shef	2015	Musculoskeletal	Nhs	13.7111843811119
Shef	2016	Musculoskeletal	Nhs	13.6718924362033
Shef	2017	Musculoskeletal	Nhs	16.4668171001853
Leeds	1998	Cancer	Nhs	19.7483068426727
Leeds	1999	Cancer	Nhs	21.4212421815611
Leeds	2e3	Cancer	Nhs	20.5601121293227
Leeds	2001	Cancer	Nhs	20.9897170762811
Leeds	2002	Cancer	Nhs	23.7916675405586
Leeds	2003	Cancer	Nhs	21.7395755832034
Leeds	2004	Cancer	Nhs	22.9835598638175
Leeds	2005	Cancer	Nhs	30.9508337226201
Leeds	2006	Cancer	Nhs	25.856940983242
Leeds	2007	Cancer	Nhs	29.8931698283951
Leeds	2008	Cancer	Nhs	26.9621199540015
Leeds	2009	Cancer	Nhs	26.6428816623499
Leeds	2010	Cancer	Nhs	30.0069184090594
Leeds	2011	Cancer	Nhs	30.4061539333518
Leeds	2012	Cancer	Nhs	30.3420789791595
Leeds	2013	Cancer	Nhs	29.7437171623884
Leeds	2014	Cancer	Nhs	30.0765114130676
Leeds	2015	Cancer	Nhs	28.5026475799308
Leeds	2016	Cancer	Nhs	31.9581982426093
Leeds	2017	Cancer	Nhs	32.8301502411577
Leeds	1998	Depression	Nhs	14.4375637791434
Leeds	1999	Depression	Nhs	21.2309098403725
Leeds	2e3	Depression	Nhs	20.2213039211374
Leeds	2001	Depression	Nhs	19.3672896743409
Leeds	2002	Depression	Nhs	20.9944225293079
Leeds	2003	Depression	Nhs	20.6215165794976
Leeds	2004	Depression	Nhs	20.8313790295802
Leeds	2005	Depression	Nhs	19.970156618402
Leeds	2006	Depression	Nhs	18.7419595588872
Leeds	2007	Depression	Nhs	18.9251952482661
Leeds	2008	Depression	Nhs	16.1537888765688
Leeds	2009	Depression	Nhs	19.020111930872
Leeds	2010	Depression	Nhs	21.5955742381155
Leeds	2011	Depression	Nhs	21.7083568766447
Leeds	2012	Depression	Nhs	17.9860112507651
Leeds	2013	Depression	Nhs	20.7896487032074
Leeds	2014	Depression	Nhs	20.3458791328411
Leeds	2015	Depression	Nhs	19.4968001941083
Leeds	2016	Depression	Nhs	22.7587161210364
Leeds	2017	Depression	Nhs	23.2130064910215
Leeds	1998	Anxiety	Nhs	6.9429225175999
Leeds	1999	Anxiety	Nhs	7.75595618258533
Leeds	2e3	Anxiety	Nhs	9.16386257290605
Leeds	2001	Anxiety	Nhs	8.79503202376003
Leeds	2002	Anxiety	Nhs	9.56694824421615
Leeds	2003	Anxiety	Nhs	8.37695573936456
Leeds	2004	Anxiety	Nhs	10.5621616485648
Leeds	2005	Anxiety	Nhs	11.8733567590488
Leeds	2006	Anxiety	Nhs	8.63709100417329
Leeds	2007	Anxiety	Nhs	10.9769176897994
Leeds	2008	Anxiety	Nhs	11.913326566984
Leeds	2009	Anxiety	Nhs	13.7230708180197
Leeds	2010	Anxiety	Nhs	11.8291569414421
Leeds	2011	Anxiety	Nhs	12.1842441603891
Leeds	2012	Anxiety	Nhs	11.4586974607309
Leeds	2013	Anxiety	Nhs	10.0507312334766
Leeds	2014	Anxiety	Nhs	6.93652365036083
Leeds	2015	Anxiety	Nhs	8.45367288895398
Leeds	2016	Anxiety	Nhs	7.50702061452983
Leeds	2017	Anxiety	Nhs	6.98632911909422
Leeds	1998	Musculoskeletal	Nhs	12.9061847787105
Leeds	1999	Musculoskeletal	Nhs	16.2704493988991
Leeds	2e3	Musculoskeletal	Nhs	16.4703029426488
Leeds	2001	Musculoskeletal	Nhs	15.6181334961422
Leeds	2002	Musculoskeletal	Nhs	18.3901052683285
Leeds	2003	Musculoskeletal	Nhs	18.8950666375785
Leeds	2004	Musculoskeletal	Nhs	17.6753439696591
Leeds	2005	Musculoskeletal	Nhs	20.2844758985116
Leeds	2006	Musculoskeletal	Nhs	24.4570860989367
Leeds	2007	Musculoskeletal	Nhs	20.5811329974893
Leeds	2008	Musculoskeletal	Nhs	24.9519498658421
Leeds	2009	Musculoskeletal	Nhs	24.5133805047908
Leeds	2010	Musculoskeletal	Nhs	27.1988432467022
Leeds	2011	Musculoskeletal	Nhs	25.4966795012704
Leeds	2012	Musculoskeletal	Nhs	25.9043373568918
Leeds	2013	Musculoskeletal	Nhs	29.0889644026596
Leeds	2014	Musculoskeletal	Nhs	28.1171260773085
Leeds	2015	Musculoskeletal	Nhs	26.2890944458078
Leeds	2016	Musculoskeletal	Nhs	28.4794182854561
Leeds	2017	Musculoskeletal	Nhs	31.4181046829472
Newcastle	1998	Cancer	Nhs	18.1763513234204
Newcastle	1999	Cancer	Nhs	24.1286434166494
Newcastle	2e3	Cancer	Nhs	20.9466047721227
Newcastle	2001	Cancer	Nhs	22.0885244990273
Newcastle	2002	Cancer	Nhs	22.131288094586
Newcastle	2003	Cancer	Nhs	16.9527010053652
Newcastle	2004	Cancer	Nhs	21.7479217139119
Newcastle	2005	Cancer	Nhs	24.3084191404068
Newcastle	2006	Cancer	Nhs	24.2332478139567
Newcastle	2007	Cancer	Nhs	23.6866656799693
Newcastle	2008	Cancer	Nhs	26.3859833483278
Newcastle	2009	Cancer	Nhs	26.7075314742222
Newcastle	2010	Cancer	Nhs	28.7491503901673
Newcastle	2011	Cancer	Nhs	29.0254705902905
Newcastle	2012	Cancer	Nhs	28.0894164170889
Newcastle	2013	Cancer	Nhs	29.6647261062911
Newcastle	2014	Cancer	Nhs	29.9918677955534
Newcastle	2015	Cancer	Nhs	31.4513834981501
Newcastle	2016	Cancer	Nhs	28.913422814931
Newcastle	2017	Cancer	Nhs	31.9315333791082
Newcastle	1998	Depression	Nhs	12.0920729362065
Newcastle	1999	Depression	Nhs	12.9273981872957
Newcastle	2e3	Depression	Nhs	13.1152629432618
Newcastle	2001	Depression	Nhs	11.8755701276936
Newcastle	2002	Depression	Nhs	16.7091731278092
Newcastle	2003	Depression	Nhs	14.6370427880427
Newcastle	2004	Depression	Nhs	14.0584508609828
Newcastle	2005	Depression	Nhs	16.2237485796841
Newcastle	2006	Depression	Nhs	13.7288081587556
Newcastle	2007	Depression	Nhs	10.5663576600326
Newcastle	2008	Depression	Nhs	12.7843615002479
Newcastle	2009	Depression	Nhs	12.939679340133
Newcastle	2010	Depression	Nhs	15.4924536276317
Newcastle	2011	Depression	Nhs	14.8485907692398
Newcastle	2012	Depression	Nhs	11.9032058884604
Newcastle	2013	Depression	Nhs	13.6760715623335
Newcastle	2014	Depression	Nhs	14.1572522994218
Newcastle	2015	Depression	Nhs	18.4178905525517
Newcastle	2016	Depression	Nhs	17.977396264183
Newcastle	2017	Depression	Nhs	19.1765982429836
Newcastle	1998	Anxiety	Nhs	10.3214296895455
Newcastle	1999	Anxiety	Nhs	12.295511890533
Newcastle	2e3	Anxiety	Nhs	11.5926712926708
Newcastle	2001	Anxiety	Nhs	11.0021379597147
Newcastle	2002	Anxiety	Nhs	12.3138824828903
Newcastle	2003	Anxiety	Nhs	10.1506361098853
Newcastle	2004	Anxiety	Nhs	11.0782174140908
Newcastle	2005	Anxiety	Nhs	10.7307956342141
Newcastle	2006	Anxiety	Nhs	8.3015811160249
Newcastle	2007	Anxiety	Nhs	10.9344366736226
Newcastle	2008	Anxiety	Nhs	7.45901798219019
Newcastle	2009	Anxiety	Nhs	10.2783407836472
Newcastle	2010	Anxiety	Nhs	11.565818625637
Newcastle	2011	Anxiety	Nhs	13.137920598823
Newcastle	2012	Anxiety	Nhs	10.4293623784766
Newcastle	2013	Anxiety	Nhs	14.7838922240032
Newcastle	2014	Anxiety	Nhs	10.3882934792576
Newcastle	2015	Anxiety	Nhs	10.3109844864892
Newcastle	2016	Anxiety	Nhs	12.2828594832112
Newcastle	2017	Anxiety	Nhs	11.9425708089226
Newcastle	1998	Musculoskeletal	Nhs	21.6019523514594
Newcastle	1999	Musculoskeletal	Nhs	22.4361026581174
Newcastle	2e3	Musculoskeletal	Nhs	22.5713029364764
Newcastle	2001	Musculoskeletal	Nhs	23.3409487274681
Newcastle	2002	Musculoskeletal	Nhs	26.1755858785341
Newcastle	2003	Musculoskeletal	Nhs	23.4850237998271
Newcastle	2004	Musculoskeletal	Nhs	24.9797491310738
Newcastle	2005	Musculoskeletal	Nhs	22.5018265097619
Newcastle	2006	Musculoskeletal	Nhs	26.9303843928225
Newcastle	2007	Musculoskeletal	Nhs	25.9651316078465
Newcastle	2008	Musculoskeletal	Nhs	29.9471692255457
Newcastle	2009	Musculoskeletal	Nhs	31.7672002501409
Newcastle	2010	Musculoskeletal	Nhs	29.4616318438511
Newcastle	2011	Musculoskeletal	Nhs	27.8416971661437
Newcastle	2012	Musculoskeletal	Nhs	30.7752935187071
Newcastle	2013	Musculoskeletal	Nhs	33.0440536225012
Newcastle	2014	Musculoskeletal	Nhs	31.5362460564498
Newcastle	2015	Musculoskeletal	Nhs	32.8198434882965
Newcastle	2016	Musculoskeletal	Nhs	36.926291401524
Newcastle	2017	Musculoskeletal	Nhs	36.4662243483338
Bham	1998	Cancer	Nhs	15.3697354482401
Bham	1999	Cancer	Nhs	16.5123401776362
Bham	2e3	Cancer	Nhs	16.4435401452935
Bham	2001	Cancer	Nhs	15.0064859379117
Bham	2002	Cancer	Nhs	16.2947782458852
Bham	2003	Cancer	Nhs	13.3814875285753
Bham	2004	Cancer	Nhs	15.7257448963243
Bham	2005	Cancer	Nhs	17.4852174005222
Bham	2006	Cancer	Nhs	21.1041202479745
Bham	2007	Cancer	Nhs	20.9899076049858
Bham	2008	Cancer	Nhs	24.2929027721851
Bham	2009	Cancer	Nhs	23.9238209934012
Bham	2010	Cancer	Nhs	24.8919170866602
Bham	2011	Cancer	Nhs	26.4144420920354
Bham	2012	Cancer	Nhs	26.4587906633342
Bham	2013	Cancer	Nhs	26.3306810189325
Bham	2014	Cancer	Nhs	28.9012535034489
Bham	2015	Cancer	Nhs	28.5216972945197
Bham	2016	Cancer	Nhs	24.9627564290195
Bham	2017	Cancer	Nhs	29.7172865585186
Bham	1998	Depression	Nhs	4.74696629729256
Bham	1999	Depression	Nhs	7.09705669145603
Bham	2e3	Depression	Nhs	8.07085189734372
Bham	2001	Depression	Nhs	11.2170501072504
Bham	2002	Depression	Nhs	10.6032757710963
Bham	2003	Depression	Nhs	7.82931449761962
Bham	2004	Depression	Nhs	8.16081503930322
Bham	2005	Depression	Nhs	8.35351019246509
Bham	2006	Depression	Nhs	8.4088581999731
Bham	2007	Depression	Nhs	8.82319455402557
Bham	2008	Depression	Nhs	8.14731169784827
Bham	2009	Depression	Nhs	6.62315371329424
Bham	2010	Depression	Nhs	8.58114188562652
Bham	2011	Depression	Nhs	7.62726176304196
Bham	2012	Depression	Nhs	6.76785479444915
Bham	2013	Depression	Nhs	4.892750806304
Bham	2014	Depression	Nhs	5.36630175893042
Bham	2015	Depression	Nhs	4.46468090545309
Bham	2016	Depression	Nhs	5.31917137517345
Bham	2017	Depression	Nhs	4.24336711819763
Bham	1998	Anxiety	Nhs	12.2715081514371
Bham	1999	Anxiety	Nhs	10.1545532323037
Bham	2e3	Anxiety	Nhs	13.6552574100618
Bham	2001	Anxiety	Nhs	9.66580521759888
Bham	2002	Anxiety	Nhs	9.4911134775964
Bham	2003	Anxiety	Nhs	11.6929781382178
Bham	2004	Anxiety	Nhs	9.97997256553112
Bham	2005	Anxiety	Nhs	9.85984652482501
Bham	2006	Anxiety	Nhs	10.7275910229481
Bham	2007	Anxiety	Nhs	12.2678137650501
Bham	2008	Anxiety	Nhs	10.7359032720494
Bham	2009	Anxiety	Nhs	7.36719467863903
Bham	2010	Anxiety	Nhs	9.61275740180606
Bham	2011	Anxiety	Nhs	10.214049145336
Bham	2012	Anxiety	Nhs	9.82296134226058
Bham	2013	Anxiety	Nhs	7.61922986819478
Bham	2014	Anxiety	Nhs	7.029858324061
Bham	2015	Anxiety	Nhs	10.7787195459551
Bham	2016	Anxiety	Nhs	12.6056874418476
Bham	2017	Anxiety	Nhs	9.56350158164252
Bham	1998	Musculoskeletal	Nhs	11.3344905620512
Bham	1999	Musculoskeletal	Nhs	14.5257442297188
Bham	2e3	Musculoskeletal	Nhs	13.732198144172
Bham	2001	Musculoskeletal	Nhs	19.3433458710671
Bham	2002	Musculoskeletal	Nhs	18.3989436395093
Bham	2003	Musculoskeletal	Nhs	19.6779843120768
Bham	2004	Musculoskeletal	Nhs	23.968494275534
Bham	2005	Musculoskeletal	Nhs	23.5872587146965
Bham	2006	Musculoskeletal	Nhs	22.3976419932449
Bham	2007	Musculoskeletal	Nhs	26.7631978343243
Bham	2008	Musculoskeletal	Nhs	24.4376253106724
Bham	2009	Musculoskeletal	Nhs	25.6104185346599
Bham	2010	Musculoskeletal	Nhs	31.147860170648
Bham	2011	Musculoskeletal	Nhs	33.9307059191423
Bham	2012	Musculoskeletal	Nhs	27.9160215499942
Bham	2013	Musculoskeletal	Nhs	33.5064628289365
Bham	2014	Musculoskeletal	Nhs	33.9543594476563
Bham	2015	Musculoskeletal	Nhs	33.6347061960579
Bham	2016	Musculoskeletal	Nhs	34.2272985357814
Bham	2017	Musculoskeletal	Nhs	37.7709757061099
Manc	1998	Cancer	Gov	19.4893158682844
Manc	1999	Cancer	Gov	18.9037571772033
Manc	2e3	Cancer	Gov	19.3495502325294
Manc	2001	Cancer	Gov	17.497696623273
Manc	2002	Cancer	Gov	16.730645992699
Manc	2003	Cancer	Gov	19.8108186653816
Manc	2004	Cancer	Gov	18.0051404160866
Manc	2005	Cancer	Gov	17.6944101717588
Manc	2006	Cancer	Gov	15.3138343414947
Manc	2007	Cancer	Gov	21.8508947608563
Manc	2008	Cancer	Gov	18.0139494434585
Manc	2009	Cancer	Gov	20.8379294531901
Manc	2010	Cancer	Gov	20.4035459887166
Manc	2011	Cancer	Gov	21.5789134952389
Manc	2012	Cancer	Gov	24.0719603676563
Manc	2013	Cancer	Gov	20.9715380497859
Manc	2014	Cancer	Gov	22.0984814604754
Manc	2015	Cancer	Gov	21.6226390447083
Manc	2016	Cancer	Gov	21.8188304238439
Manc	2017	Cancer	Gov	21.7436225292107
Manc	1998	Depression	Gov	15.9763311406444
Manc	1999	Depression	Gov	16.4286731148913
Manc	2e3	Depression	Gov	12.4447598815766
Manc	2001	Depression	Gov	15.396804496748
Manc	2002	Depression	Gov	15.3505314721753
Manc	2003	Depression	Gov	15.0751355283922
Manc	2004	Depression	Gov	15.6583064006924
Manc	2005	Depression	Gov	16.0909438752563
Manc	2006	Depression	Gov	11.3767538060538
Manc	2007	Depression	Gov	12.3889633512681
Manc	2008	Depression	Gov	12.6853394201657
Manc	2009	Depression	Gov	10.5522136602635
Manc	2010	Depression	Gov	12.861783648173
Manc	2011	Depression	Gov	11.0782318475124
Manc	2012	Depression	Gov	8.57154129628632
Manc	2013	Depression	Gov	6.78075219842749
Manc	2014	Depression	Gov	9.85901840791785
Manc	2015	Depression	Gov	11.9088311216502
Manc	2016	Depression	Gov	14.4793121804936
Manc	2017	Depression	Gov	12.3144365385426
Manc	1998	Anxiety	Gov	21.5300436504162
Manc	1999	Anxiety	Gov	21.0756732200547
Manc	2e3	Anxiety	Gov	18.0402002043666
Manc	2001	Anxiety	Gov	19.9174187031502
Manc	2002	Anxiety	Gov	22.4687708464231
Manc	2003	Anxiety	Gov	20.5167945093201
Manc	2004	Anxiety	Gov	18.1309741898083
Manc	2005	Anxiety	Gov	19.211120830298
Manc	2006	Anxiety	Gov	20.1568004576981
Manc	2007	Anxiety	Gov	18.2398131190633
Manc	2008	Anxiety	Gov	20.4707245336961
Manc	2009	Anxiety	Gov	19.3214695787733
Manc	2010	Anxiety	Gov	20.5715792868888
Manc	2011	Anxiety	Gov	19.3674203391589
Manc	2012	Anxiety	Gov	20.8795436222472
Manc	2013	Anxiety	Gov	22.030473895621
Manc	2014	Anxiety	Gov	21.1917256692594
Manc	2015	Anxiety	Gov	17.3352502081031
Manc	2016	Anxiety	Gov	18.824902382251
Manc	2017	Anxiety	Gov	18.6750278761181
Manc	1998	Musculoskeletal	Gov	7.19527410112137
Manc	1999	Musculoskeletal	Gov	7.39937503619809
Manc	2e3	Musculoskeletal	Gov	9.05024170377029
Manc	2001	Musculoskeletal	Gov	8.31219107864414
Manc	2002	Musculoskeletal	Gov	10.530870130479
Manc	2003	Musculoskeletal	Gov	11.3484090427277
Manc	2004	Musculoskeletal	Gov	13.6799912795608
Manc	2005	Musculoskeletal	Gov	14.1325776842005
Manc	2006	Musculoskeletal	Gov	13.8876897215545
Manc	2007	Musculoskeletal	Gov	14.1572906091795
Manc	2008	Musculoskeletal	Gov	16.6058912312212
Manc	2009	Musculoskeletal	Gov	17.0160563231558
Manc	2010	Musculoskeletal	Gov	17.2108926733449
Manc	2011	Musculoskeletal	Gov	22.1327104234632
Manc	2012	Musculoskeletal	Gov	20.6554594471191
Manc	2013	Musculoskeletal	Gov	19.1994054221978
Manc	2014	Musculoskeletal	Gov	17.9049223667039
Manc	2015	Musculoskeletal	Gov	20.361933147235
Manc	2016	Musculoskeletal	Gov	21.9016150492981
Manc	2017	Musculoskeletal	Gov	22.2095956394727
Shef	1998	Cancer	Gov	10.1948813441005
Shef	1999	Cancer	Gov	10.9299483852985
Shef	2e3	Cancer	Gov	8.31177324218214
Shef	2001	Cancer	Gov	9.73244892490989
Shef	2002	Cancer	Gov	8.77866815676189
Shef	2003	Cancer	Gov	8.70467437924441
Shef	2004	Cancer	Gov	8.91181472305391
Shef	2005	Cancer	Gov	13.1903087290439
Shef	2006	Cancer	Gov	11.2888563757671
Shef	2007	Cancer	Gov	11.3511257279652
Shef	2008	Cancer	Gov	12.3511747412592
Shef	2009	Cancer	Gov	12.666011486209
Shef	2010	Cancer	Gov	12.3034361633403
Shef	2011	Cancer	Gov	10.8562514729031
Shef	2012	Cancer	Gov	14.2507784476918
Shef	2013	Cancer	Gov	14.0038086768702
Shef	2014	Cancer	Gov	13.0042244432274
Shef	2015	Cancer	Gov	12.9119431769057
Shef	2016	Cancer	Gov	14.6791408901908
Shef	2017	Cancer	Gov	12.2321164290705
Shef	1998	Depression	Gov	8.60453190208877
Shef	1999	Depression	Gov	8.26153141999153
Shef	2e3	Depression	Gov	10.9083837792781
Shef	2001	Depression	Gov	8.44862224930695
Shef	2002	Depression	Gov	6.22530506692537
Shef	2003	Depression	Gov	7.93604941127931
Shef	2004	Depression	Gov	7.12063008320283
Shef	2005	Depression	Gov	5.47444317543639
Shef	2006	Depression	Gov	4.37862841089682
Shef	2007	Depression	Gov	6.09646106243344
Shef	2008	Depression	Gov	5.74071602890053
Shef	2009	Depression	Gov	5.04767844994169
Shef	2010	Depression	Gov	6.17198065796643
Shef	2011	Depression	Gov	6.670873666057
Shef	2012	Depression	Gov	5.2771804439086
Shef	2013	Depression	Gov	5.77546985989307
Shef	2014	Depression	Gov	9.58128887501752
Shef	2015	Depression	Gov	8.11244382887114
Shef	2016	Depression	Gov	5.74837406948026
Shef	2017	Depression	Gov	6.40546939645963
Shef	1998	Anxiety	Gov	13.1877899135733
Shef	1999	Anxiety	Gov	16.9497683682627
Shef	2e3	Anxiety	Gov	15.8113274963384
Shef	2001	Anxiety	Gov	19.9974236337979
Shef	2002	Anxiety	Gov	18.7416400300777
Shef	2003	Anxiety	Gov	19.6736600557192
Shef	2004	Anxiety	Gov	15.8501891852914
Shef	2005	Anxiety	Gov	19.2275472384703
Shef	2006	Anxiety	Gov	14.1709244639786
Shef	2007	Anxiety	Gov	15.9074572428809
Shef	2008	Anxiety	Gov	16.6116902839395
Shef	2009	Anxiety	Gov	16.7760036591295
Shef	2010	Anxiety	Gov	13.3817016390679
Shef	2011	Anxiety	Gov	13.2486633964129
Shef	2012	Anxiety	Gov	13.1576726175259
Shef	2013	Anxiety	Gov	13.6733622095678
Shef	2014	Anxiety	Gov	10.3046194135444
Shef	2015	Anxiety	Gov	13.1208308658273
Shef	2016	Anxiety	Gov	7.5316289300043
Shef	2017	Anxiety	Gov	11.4683632591627
Shef	1998	Musculoskeletal	Gov	12.4613456685548
Shef	1999	Musculoskeletal	Gov	16.1627239895572
Shef	2e3	Musculoskeletal	Gov	18.3765933749595
Shef	2001	Musculoskeletal	Gov	18.7789646865219
Shef	2002	Musculoskeletal	Gov	18.1466853495746
Shef	2003	Musculoskeletal	Gov	21.1565242070148
Shef	2004	Musculoskeletal	Gov	20.6356522884583
Shef	2005	Musculoskeletal	Gov	23.8393825347167
Shef	2006	Musculoskeletal	Gov	21.0471991938261
Shef	2007	Musculoskeletal	Gov	18.0838953243459
Shef	2008	Musculoskeletal	Gov	18.3777614262087
Shef	2009	Musculoskeletal	Gov	23.4027827930222
Shef	2010	Musculoskeletal	Gov	22.2393794453552
Shef	2011	Musculoskeletal	Gov	26.12361772828
Shef	2012	Musculoskeletal	Gov	26.7324278940633
Shef	2013	Musculoskeletal	Gov	25.0315275069918
Shef	2014	Musculoskeletal	Gov	24.7655181451288
Shef	2015	Musculoskeletal	Gov	24.7300004932545
Shef	2016	Musculoskeletal	Gov	29.2920274074804
Shef	2017	Musculoskeletal	Gov	26.1959970440545
Leeds	1998	Cancer	Gov	15.5162788341938
Leeds	1999	Cancer	Gov	13.8641427698846
Leeds	2e3	Cancer	Gov	14.5383179638427
Leeds	2001	Cancer	Gov	17.4508859799123
Leeds	2002	Cancer	Gov	17.3503614191947
Leeds	2003	Cancer	Gov	15.9857697138718
Leeds	2004	Cancer	Gov	18.6611065037211
Leeds	2005	Cancer	Gov	15.4660832091587
Leeds	2006	Cancer	Gov	17.4176124104264
Leeds	2007	Cancer	Gov	22.333503382278
Leeds	2008	Cancer	Gov	18.649913260844
Leeds	2009	Cancer	Gov	22.218636106433
Leeds	2010	Cancer	Gov	18.7964975119548
Leeds	2011	Cancer	Gov	22.0732324344409
Leeds	2012	Cancer	Gov	21.0587268102508
Leeds	2013	Cancer	Gov	28.2369709019298
Leeds	2014	Cancer	Gov	25.4508835940727
Leeds	2015	Cancer	Gov	25.4057835352049
Leeds	2016	Cancer	Gov	25.5853506079521
Leeds	2017	Cancer	Gov	27.9750408507537
Leeds	1998	Depression	Gov	7.75194075832838
Leeds	1999	Depression	Gov	8.9156544179971
Leeds	2e3	Depression	Gov	10.5211821420535
Leeds	2001	Depression	Gov	10.760240929552
Leeds	2002	Depression	Gov	11.1564706779395
Leeds	2003	Depression	Gov	6.65540732039432
Leeds	2004	Depression	Gov	12.4736600584983
Leeds	2005	Depression	Gov	8.0563109560924
Leeds	2006	Depression	Gov	11.4230137317153
Leeds	2007	Depression	Gov	11.5102908195305
Leeds	2008	Depression	Gov	10.8720593196602
Leeds	2009	Depression	Gov	9.83271621421308
Leeds	2010	Depression	Gov	11.9581152379675
Leeds	2011	Depression	Gov	12.8810408781628
Leeds	2012	Depression	Gov	9.48146022974625
Leeds	2013	Depression	Gov	11.4618151220319
Leeds	2014	Depression	Gov	7.96286660710381
Leeds	2015	Depression	Gov	11.079995022271
Leeds	2016	Depression	Gov	12.4263344162237
Leeds	2017	Depression	Gov	12.658112903867
Leeds	1998	Anxiety	Gov	13.0516390661254
Leeds	1999	Anxiety	Gov	13.6748967213779
Leeds	2e3	Anxiety	Gov	13.5117541392854
Leeds	2001	Anxiety	Gov	16.741310423171
Leeds	2002	Anxiety	Gov	16.3140915459663
Leeds	2003	Anxiety	Gov	13.9788590651462
Leeds	2004	Anxiety	Gov	14.1491743177966
Leeds	2005	Anxiety	Gov	15.0193132627568
Leeds	2006	Anxiety	Gov	15.8844922631392
Leeds	2007	Anxiety	Gov	15.1795159265249
Leeds	2008	Anxiety	Gov	13.0050927315467
Leeds	2009	Anxiety	Gov	11.289203579073
Leeds	2010	Anxiety	Gov	12.9770792267885
Leeds	2011	Anxiety	Gov	13.991848703995
Leeds	2012	Anxiety	Gov	12.5069962743192
Leeds	2013	Anxiety	Gov	14.9789282688011
Leeds	2014	Anxiety	Gov	13.8911156572803
Leeds	2015	Anxiety	Gov	13.3050969944223
Leeds	2016	Anxiety	Gov	16.865554605128
Leeds	2017	Anxiety	Gov	12.3450599451083
Leeds	1998	Musculoskeletal	Gov	12.5593970012664
Leeds	1999	Musculoskeletal	Gov	14.4271571883959
Leeds	2e3	Musculoskeletal	Gov	13.8495597019445
Leeds	2001	Musculoskeletal	Gov	11.8401038386838
Leeds	2002	Musculoskeletal	Gov	13.493423736923
Leeds	2003	Musculoskeletal	Gov	15.9488632422415
Leeds	2004	Musculoskeletal	Gov	18.6573541971422
Leeds	2005	Musculoskeletal	Gov	17.0692135263316
Leeds	2006	Musculoskeletal	Gov	20.8986775289085
Leeds	2007	Musculoskeletal	Gov	18.3508941495032
Leeds	2008	Musculoskeletal	Gov	19.4751775775053
Leeds	2009	Musculoskeletal	Gov	21.2522861961864
Leeds	2010	Musculoskeletal	Gov	21.4859552087323
Leeds	2011	Musculoskeletal	Gov	22.375036507748
Leeds	2012	Musculoskeletal	Gov	23.2348735814725
Leeds	2013	Musculoskeletal	Gov	28.6065752304214
Leeds	2014	Musculoskeletal	Gov	26.494637970584
Leeds	2015	Musculoskeletal	Gov	26.7849023942748
Leeds	2016	Musculoskeletal	Gov	28.3887885719703
Leeds	2017	Musculoskeletal	Gov	26.1109340821268
Newcastle	1998	Cancer	Gov	15.8292565542543
Newcastle	1999	Cancer	Gov	13.555921060429
Newcastle	2e3	Cancer	Gov	16.1803293941502
Newcastle	2001	Cancer	Gov	17.0455334997692
Newcastle	2002	Cancer	Gov	15.5908138177109
Newcastle	2003	Cancer	Gov	14.5160173215826
Newcastle	2004	Cancer	Gov	13.1940276438655
Newcastle	2005	Cancer	Gov	16.7322834242681
Newcastle	2006	Cancer	Gov	17.3331038131538
Newcastle	2007	Cancer	Gov	19.1677912647575
Newcastle	2008	Cancer	Gov	20.7158567141192
Newcastle	2009	Cancer	Gov	16.261881300701
Newcastle	2010	Cancer	Gov	21.2016142298008
Newcastle	2011	Cancer	Gov	20.8384385297166
Newcastle	2012	Cancer	Gov	17.3555037160819
Newcastle	2013	Cancer	Gov	22.3970259203644
Newcastle	2014	Cancer	Gov	19.6280046608181
Newcastle	2015	Cancer	Gov	22.5757784808953
Newcastle	2016	Cancer	Gov	20.7841610290226
Newcastle	2017	Cancer	Gov	22.2543642413251
Newcastle	1998	Depression	Gov	15.8071738430191
Newcastle	1999	Depression	Gov	17.3961326716627
Newcastle	2e3	Depression	Gov	17.7867937457083
Newcastle	2001	Depression	Gov	15.2108327642601
Newcastle	2002	Depression	Gov	12.7359312824139
Newcastle	2003	Depression	Gov	14.3089769927689
Newcastle	2004	Depression	Gov	21.4415120769991
Newcastle	2005	Depression	Gov	16.3718683467928
Newcastle	2006	Depression	Gov	15.9515372060774
Newcastle	2007	Depression	Gov	17.8130407285208
Newcastle	2008	Depression	Gov	17.0244067572731
Newcastle	2009	Depression	Gov	15.1020242814083
Newcastle	2010	Depression	Gov	16.7691220328938
Newcastle	2011	Depression	Gov	14.2857106505828
Newcastle	2012	Depression	Gov	19.6837342807434
Newcastle	2013	Depression	Gov	16.9339625034552
Newcastle	2014	Depression	Gov	17.7119216042243
Newcastle	2015	Depression	Gov	17.3960280370877
Newcastle	2016	Depression	Gov	20.549481673008
Newcastle	2017	Depression	Gov	17.2792325691718
Newcastle	1998	Anxiety	Gov	9.66721777859719
Newcastle	1999	Anxiety	Gov	9.03066449502267
Newcastle	2e3	Anxiety	Gov	11.7637966339217
Newcastle	2001	Anxiety	Gov	9.00534615718741
Newcastle	2002	Anxiety	Gov	6.18831343668265
Newcastle	2003	Anxiety	Gov	9.57179460901579
Newcastle	2004	Anxiety	Gov	4.49673034564565
Newcastle	2005	Anxiety	Gov	3.62309239119013
Newcastle	2006	Anxiety	Gov	2.72271780161869
Newcastle	2007	Anxiety	Gov	4.27241595813276
Newcastle	2008	Anxiety	Gov	5.51643871612152
Newcastle	2009	Anxiety	Gov	2.59116728037157
Newcastle	2010	Anxiety	Gov	5.58491398779361
Newcastle	2011	Anxiety	Gov	2.4664704571874
Newcastle	2012	Anxiety	Gov	1.62784796793579
Newcastle	2013	Anxiety	Gov	4.25301786949741
Newcastle	2014	Anxiety	Gov	3.27993502706743
Newcastle	2015	Anxiety	Gov	2.42053858019965
Newcastle	2016	Anxiety	Gov	1.68153344438465
Newcastle	2017	Anxiety	Gov	1.93195652826637
Newcastle	1998	Musculoskeletal	Gov	2.54145920961962
Newcastle	1999	Musculoskeletal	Gov	3.32709197318367
Newcastle	2e3	Musculoskeletal	Gov	3.00749816774508
Newcastle	2001	Musculoskeletal	Gov	7.59502203928895
Newcastle	2002	Musculoskeletal	Gov	11.0389267753347
Newcastle	2003	Musculoskeletal	Gov	8.18805921249233
Newcastle	2004	Musculoskeletal	Gov	11.0653574541431
Newcastle	2005	Musculoskeletal	Gov	12.2307098898762
Newcastle	2006	Musculoskeletal	Gov	13.7850031076767
Newcastle	2007	Musculoskeletal	Gov	13.9656808839903
Newcastle	2008	Musculoskeletal	Gov	12.2307674342721
Newcastle	2009	Musculoskeletal	Gov	11.4755911030485
Newcastle	2010	Musculoskeletal	Gov	18.0505219832257
Newcastle	2011	Musculoskeletal	Gov	12.7242638662876
Newcastle	2012	Musculoskeletal	Gov	10.7051004891545
Newcastle	2013	Musculoskeletal	Gov	9.8024843326879
Newcastle	2014	Musculoskeletal	Gov	14.3471414389842
Newcastle	2015	Musculoskeletal	Gov	14.0206610941076
Newcastle	2016	Musculoskeletal	Gov	15.7100003908852
Newcastle	2017	Musculoskeletal	Gov	15.6643197016566
Bham	1998	Cancer	Gov	30.2475527481708
Bham	1999	Cancer	Gov	29.9151673523196
Bham	2e3	Cancer	Gov	35.8835367125717
Bham	2001	Cancer	Gov	37.7362817361123
Bham	2002	Cancer	Gov	39.2936816623756
Bham	2003	Cancer	Gov	38.2714841094107
Bham	2004	Cancer	Gov	38.7898420530479
Bham	2005	Cancer	Gov	41.908923001065
Bham	2006	Cancer	Gov	40.9579067327712
Bham	2007	Cancer	Gov	41.0684747662816
Bham	2008	Cancer	Gov	44.2471097775762
Bham	2009	Cancer	Gov	43.6158556003695
Bham	2010	Cancer	Gov	42.0627236236269
Bham	2011	Cancer	Gov	44.30693431526
Bham	2012	Cancer	Gov	42.8254097299982
Bham	2013	Cancer	Gov	46.6507175730848
Bham	2014	Cancer	Gov	45.4138969513482
Bham	2015	Cancer	Gov	45.3490232887329
Bham	2016	Cancer	Gov	44.5983575476641
Bham	2017	Cancer	Gov	47.1947146092968
Bham	1998	Depression	Gov	7.88725963950016
Bham	1999	Depression	Gov	6.97940406515789
Bham	2e3	Depression	Gov	6.83291381577229
Bham	2001	Depression	Gov	9.08103605590603
Bham	2002	Depression	Gov	8.71663625875249
Bham	2003	Depression	Gov	7.11625951043307
Bham	2004	Depression	Gov	9.20671137859008
Bham	2005	Depression	Gov	7.54381405452694
Bham	2006	Depression	Gov	8.46365337005035
Bham	2007	Depression	Gov	8.2768356749019
Bham	2008	Depression	Gov	5.68272742599342
Bham	2009	Depression	Gov	4.8325885700322
Bham	2010	Depression	Gov	5.04012870530381
Bham	2011	Depression	Gov	5.43544685629299
Bham	2012	Depression	Gov	1.19766044032903
Bham	2013	Depression	Gov	-1.63250976897748
Bham	2014	Depression	Gov	4.07247481134079
Bham	2015	Depression	Gov	0.495254032414771
Bham	2016	Depression	Gov	-2.02222298837887
Bham	2017	Depression	Gov	0.851531312254973
Bham	1998	Anxiety	Gov	2.29004027938492
Bham	1999	Anxiety	Gov	8.51731082060253
Bham	2e3	Anxiety	Gov	7.23286838032993
Bham	2001	Anxiety	Gov	6.96338170703017
Bham	2002	Anxiety	Gov	6.26272953068074
Bham	2003	Anxiety	Gov	4.46241937327196
Bham	2004	Anxiety	Gov	9.01690845825683
Bham	2005	Anxiety	Gov	6.40362291155425
Bham	2006	Anxiety	Gov	9.0318153098595
Bham	2007	Anxiety	Gov	3.9811816784116
Bham	2008	Anxiety	Gov	7.41574373305107
Bham	2009	Anxiety	Gov	5.07005347436551
Bham	2010	Anxiety	Gov	3.70095898249362
Bham	2011	Anxiety	Gov	0.342681314288256
Bham	2012	Anxiety	Gov	5.18412464540115
Bham	2013	Anxiety	Gov	2.40881636402506
Bham	2014	Anxiety	Gov	0.640944062388261
Bham	2015	Anxiety	Gov	3.91154149452126
Bham	2016	Anxiety	Gov	0.357837253910791
Bham	2017	Anxiety	Gov	1.98501718069734
Bham	1998	Musculoskeletal	Gov	18.7772337132828
Bham	1999	Musculoskeletal	Gov	17.4569091220749
Bham	2e3	Musculoskeletal	Gov	18.599989153408
Bham	2001	Musculoskeletal	Gov	20.5886452580229
Bham	2002	Musculoskeletal	Gov	22.9151368977026
Bham	2003	Musculoskeletal	Gov	23.1038641264047
Bham	2004	Musculoskeletal	Gov	20.3741055626693
Bham	2005	Musculoskeletal	Gov	22.9565515826537
Bham	2006	Musculoskeletal	Gov	25.087518504206
Bham	2007	Musculoskeletal	Gov	20.0193105212458
Bham	2008	Musculoskeletal	Gov	21.1934129852661
Bham	2009	Musculoskeletal	Gov	20.2409927307831
Bham	2010	Musculoskeletal	Gov	21.6090428991795
Bham	2011	Musculoskeletal	Gov	19.9309886599575
Bham	2012	Musculoskeletal	Gov	21.2206769720864
Bham	2013	Musculoskeletal	Gov	21.415934646389
Bham	2014	Musculoskeletal	Gov	24.2229562912222
Bham	2015	Musculoskeletal	Gov	17.6776009476629
Bham	2016	Musculoskeletal	Gov	22.6070735392851
Bham	2017	Musculoskeletal	Gov	25.1299991552236
Manc	1998	Cancer	Lifesci	17.3861366864199
Manc	1999	Cancer	Lifesci	20.1060287164634
Manc	2e3	Cancer	Lifesci	19.422398698083
Manc	2001	Cancer	Lifesci	21.201420068255
Manc	2002	Cancer	Lifesci	21.5250492813247
Manc	2003	Cancer	Lifesci	22.6730576226374
Manc	2004	Cancer	Lifesci	23.2725688803877
Manc	2005	Cancer	Lifesci	24.0620582072385
Manc	2006	Cancer	Lifesci	22.6782356235206
Manc	2007	Cancer	Lifesci	22.8352321811954
Manc	2008	Cancer	Lifesci	23.8710595218433
Manc	2009	Cancer	Lifesci	25.0089606728436
Manc	2010	Cancer	Lifesci	27.1496358432487
Manc	2011	Cancer	Lifesci	25.5346701550185
Manc	2012	Cancer	Lifesci	22.3424362715683
Manc	2013	Cancer	Lifesci	25.6213772906643
Manc	2014	Cancer	Lifesci	25.8496139685775
Manc	2015	Cancer	Lifesci	22.6300869270322
Manc	2016	Cancer	Lifesci	26.5539193154595
Manc	2017	Cancer	Lifesci	27.0141071391858
Manc	1998	Depression	Lifesci	3.33462890220954
Manc	1999	Depression	Lifesci	6.46710857310375
Manc	2e3	Depression	Lifesci	4.75330951644137
Manc	2001	Depression	Lifesci	6.00059626188165
Manc	2002	Depression	Lifesci	3.33470555836381
Manc	2003	Depression	Lifesci	5.89857431372672
Manc	2004	Depression	Lifesci	4.08876202722498
Manc	2005	Depression	Lifesci	6.1589358365509
Manc	2006	Depression	Lifesci	3.30631643084625
Manc	2007	Depression	Lifesci	2.77633821318383
Manc	2008	Depression	Lifesci	3.88615839522301
Manc	2009	Depression	Lifesci	4.13418783202889
Manc	2010	Depression	Lifesci	2.72131990500911
Manc	2011	Depression	Lifesci	1.70082498725679
Manc	2012	Depression	Lifesci	3.27252922711355
Manc	2013	Depression	Lifesci	4.47072322928308
Manc	2014	Depression	Lifesci	1.02292832103647
Manc	2015	Depression	Lifesci	2.05505097693897
Manc	2016	Depression	Lifesci	0.184769394549936
Manc	2017	Depression	Lifesci	1.17661824846203
Manc	1998	Anxiety	Lifesci	13.4906531366773
Manc	1999	Anxiety	Lifesci	15.8724161061814
Manc	2e3	Anxiety	Lifesci	12.7601948335709
Manc	2001	Anxiety	Lifesci	12.4901927901194
Manc	2002	Anxiety	Lifesci	12.5646316040332
Manc	2003	Anxiety	Lifesci	13.6324700384654
Manc	2004	Anxiety	Lifesci	12.2095899902172
Manc	2005	Anxiety	Lifesci	11.7863741647438
Manc	2006	Anxiety	Lifesci	13.28257769278
Manc	2007	Anxiety	Lifesci	7.65448032373776
Manc	2008	Anxiety	Lifesci	9.17144377333057
Manc	2009	Anxiety	Lifesci	9.61491596142354
Manc	2010	Anxiety	Lifesci	5.24325857436103
Manc	2011	Anxiety	Lifesci	7.46799911960051
Manc	2012	Anxiety	Lifesci	6.0175265352952
Manc	2013	Anxiety	Lifesci	5.29559139974319
Manc	2014	Anxiety	Lifesci	8.49265439457656
Manc	2015	Anxiety	Lifesci	6.52961842427131
Manc	2016	Anxiety	Lifesci	6.77265473084081
Manc	2017	Anxiety	Lifesci	1.23077241655693
Manc	1998	Musculoskeletal	Lifesci	6.61577460813387
Manc	1999	Musculoskeletal	Lifesci	6.55054586802659
Manc	2e3	Musculoskeletal	Lifesci	11.6760106180429
Manc	2001	Musculoskeletal	Lifesci	10.4678561919012
Manc	2002	Musculoskeletal	Lifesci	16.3632539804817
Manc	2003	Musculoskeletal	Lifesci	11.9700911674437
Manc	2004	Musculoskeletal	Lifesci	16.4007438276163
Manc	2005	Musculoskeletal	Lifesci	15.7025236072596
Manc	2006	Musculoskeletal	Lifesci	15.0668414881098
Manc	2007	Musculoskeletal	Lifesci	15.2360339646939
Manc	2008	Musculoskeletal	Lifesci	14.3394424267503
Manc	2009	Musculoskeletal	Lifesci	13.2151609660328
Manc	2010	Musculoskeletal	Lifesci	13.3972667950464
Manc	2011	Musculoskeletal	Lifesci	15.2611846443699
Manc	2012	Musculoskeletal	Lifesci	15.5529681748863
Manc	2013	Musculoskeletal	Lifesci	15.9279831558344
Manc	2014	Musculoskeletal	Lifesci	20.4707033485567
Manc	2015	Musculoskeletal	Lifesci	19.2937313658955
Manc	2016	Musculoskeletal	Lifesci	15.374016853741
Manc	2017	Musculoskeletal	Lifesci	19.213048091813
Shef	1998	Cancer	Lifesci	7.9200825107564
Shef	1999	Cancer	Lifesci	5.37341685176821
Shef	2e3	Cancer	Lifesci	9.64391453925229
Shef	2001	Cancer	Lifesci	6.10601948627295
Shef	2002	Cancer	Lifesci	6.98291899333526
Shef	2003	Cancer	Lifesci	7.10459113769307
Shef	2004	Cancer	Lifesci	8.9098547969265
Shef	2005	Cancer	Lifesci	10.2070719431124
Shef	2006	Cancer	Lifesci	11.005545618533
Shef	2007	Cancer	Lifesci	10.4426461114613
Shef	2008	Cancer	Lifesci	10.1773929738738
Shef	2009	Cancer	Lifesci	10.5066532667967
Shef	2010	Cancer	Lifesci	10.8840168163357
Shef	2011	Cancer	Lifesci	11.5782165731536
Shef	2012	Cancer	Lifesci	8.77755408591374
Shef	2013	Cancer	Lifesci	11.547959841793
Shef	2014	Cancer	Lifesci	9.07933390949873
Shef	2015	Cancer	Lifesci	9.73626083142305
Shef	2016	Cancer	Lifesci	8.78839240951741
Shef	2017	Cancer	Lifesci	11.5206487120556
Shef	1998	Depression	Lifesci	5.56129433287154
Shef	1999	Depression	Lifesci	7.09417119723933
Shef	2e3	Depression	Lifesci	8.67996662026379
Shef	2001	Depression	Lifesci	10.2270263208329
Shef	2002	Depression	Lifesci	5.48957521817069
Shef	2003	Depression	Lifesci	5.82122317092388
Shef	2004	Depression	Lifesci	0.586622144962401
Shef	2005	Depression	Lifesci	1.11802415198721
Shef	2006	Depression	Lifesci	1.18164829076514
Shef	2007	Depression	Lifesci	1.7847177783246
Shef	2008	Depression	Lifesci	1.34235550697671
Shef	2009	Depression	Lifesci	1.06797597560702
Shef	2010	Depression	Lifesci	1.30576678082835
Shef	2011	Depression	Lifesci	-1.24690839516475
Shef	2012	Depression	Lifesci	-1.75899335810907
Shef	2013	Depression	Lifesci	-0.512124926024583
Shef	2014	Depression	Lifesci	-0.700529282280318
Shef	2015	Depression	Lifesci	1.83183813696182
Shef	2016	Depression	Lifesci	-1.0864875311713
Shef	2017	Depression	Lifesci	-1.3340467933054
Shef	1998	Anxiety	Lifesci	6.02565084803206
Shef	1999	Anxiety	Lifesci	8.20878978242462
Shef	2e3	Anxiety	Lifesci	4.90571838658341
Shef	2001	Anxiety	Lifesci	2.88690154883677
Shef	2002	Anxiety	Lifesci	4.52130886290482
Shef	2003	Anxiety	Lifesci	3.2737760739278
Shef	2004	Anxiety	Lifesci	5.08890756778784
Shef	2005	Anxiety	Lifesci	7.23428612224572
Shef	2006	Anxiety	Lifesci	7.28043228203414
Shef	2007	Anxiety	Lifesci	2.13703646011017
Shef	2008	Anxiety	Lifesci	7.50803184644216
Shef	2009	Anxiety	Lifesci	2.81519702073239
Shef	2010	Anxiety	Lifesci	5.30576027563403
Shef	2011	Anxiety	Lifesci	5.99195031539299
Shef	2012	Anxiety	Lifesci	1.9105829137411
Shef	2013	Anxiety	Lifesci	0.445888434099574
Shef	2014	Anxiety	Lifesci	0.542319331370676
Shef	2015	Anxiety	Lifesci	3.81563094734375
Shef	2016	Anxiety	Lifesci	2.04451578120375
Shef	2017	Anxiety	Lifesci	-0.98076284009427
Shef	1998	Musculoskeletal	Lifesci	15.3555215771012
Shef	1999	Musculoskeletal	Lifesci	15.9154001520637
Shef	2e3	Musculoskeletal	Lifesci	18.3730414130701
Shef	2001	Musculoskeletal	Lifesci	18.567296706318
Shef	2002	Musculoskeletal	Lifesci	16.6286514349453
Shef	2003	Musculoskeletal	Lifesci	18.9341655430597
Shef	2004	Musculoskeletal	Lifesci	19.1947232006192
Shef	2005	Musculoskeletal	Lifesci	18.8099984835167
Shef	2006	Musculoskeletal	Lifesci	20.7695682401214
Shef	2007	Musculoskeletal	Lifesci	21.9644900697067
Shef	2008	Musculoskeletal	Lifesci	17.1298909051012
Shef	2009	Musculoskeletal	Lifesci	20.8856402990865
Shef	2010	Musculoskeletal	Lifesci	21.9082313613678
Shef	2011	Musculoskeletal	Lifesci	25.7093584627961
Shef	2012	Musculoskeletal	Lifesci	22.3220297948995
Shef	2013	Musculoskeletal	Lifesci	24.42455263194
Shef	2014	Musculoskeletal	Lifesci	25.3444177261171
Shef	2015	Musculoskeletal	Lifesci	24.1971027784104
Shef	2016	Musculoskeletal	Lifesci	27.8867071873353
Shef	2017	Musculoskeletal	Lifesci	28.0119009405157
Leeds	1998	Cancer	Lifesci	24.9728708494407
Leeds	1999	Cancer	Lifesci	27.912716378056
Leeds	2e3	Cancer	Lifesci	25.4694711756889
Leeds	2001	Cancer	Lifesci	26.6024274191117
Leeds	2002	Cancer	Lifesci	26.4154973219797
Leeds	2003	Cancer	Lifesci	29.2555782996335
Leeds	2004	Cancer	Lifesci	26.7374973099519
Leeds	2005	Cancer	Lifesci	23.4840374894073
Leeds	2006	Cancer	Lifesci	22.9455966090898
Leeds	2007	Cancer	Lifesci	26.2967897369667
Leeds	2008	Cancer	Lifesci	26.5433682699016
Leeds	2009	Cancer	Lifesci	24.4306480014254
Leeds	2010	Cancer	Lifesci	26.2651146321638
Leeds	2011	Cancer	Lifesci	26.7796306925295
Leeds	2012	Cancer	Lifesci	27.3455380029329
Leeds	2013	Cancer	Lifesci	29.006099835037
Leeds	2014	Cancer	Lifesci	26.7050671032216
Leeds	2015	Cancer	Lifesci	30.4100614897424
Leeds	2016	Cancer	Lifesci	33.1751775068192
Leeds	2017	Cancer	Lifesci	29.3492369455941
Leeds	1998	Depression	Lifesci	0.587298622526431
Leeds	1999	Depression	Lifesci	-3.5839865630414
Leeds	2e3	Depression	Lifesci	-3.12987095335735
Leeds	2001	Depression	Lifesci	-1.52403068823598
Leeds	2002	Depression	Lifesci	-3.5841035981037
Leeds	2003	Depression	Lifesci	-3.30992674372168
Leeds	2004	Depression	Lifesci	-6.21296288235672
Leeds	2005	Depression	Lifesci	-2.69685874499759
Leeds	2006	Depression	Lifesci	-4.3313654195797
Leeds	2007	Depression	Lifesci	-1.92903378311841
Leeds	2008	Depression	Lifesci	-6.06930501383002
Leeds	2009	Depression	Lifesci	-4.92535568909798
Leeds	2010	Depression	Lifesci	-5.07436434299802
Leeds	2011	Depression	Lifesci	-4.32308102922017
Leeds	2012	Depression	Lifesci	-7.24141953708131
Leeds	2013	Depression	Lifesci	-10.2447226100697
Leeds	2014	Depression	Lifesci	-9.47643976678863
Leeds	2015	Depression	Lifesci	-8.97821180026884
Leeds	2016	Depression	Lifesci	-7.17537218045845
Leeds	2017	Depression	Lifesci	-7.38919194385314
Leeds	1998	Anxiety	Lifesci	17.3777018240512
Leeds	1999	Anxiety	Lifesci	19.9872777564256
Leeds	2e3	Anxiety	Lifesci	18.8667783058191
Leeds	2001	Anxiety	Lifesci	17.6215380461899
Leeds	2002	Anxiety	Lifesci	18.7554013663873
Leeds	2003	Anxiety	Lifesci	13.7360637346409
Leeds	2004	Anxiety	Lifesci	15.5582776784456
Leeds	2005	Anxiety	Lifesci	15.6789642601671
Leeds	2006	Anxiety	Lifesci	12.8165066720829
Leeds	2007	Anxiety	Lifesci	10.8949989285517
Leeds	2008	Anxiety	Lifesci	11.3035444236442
Leeds	2009	Anxiety	Lifesci	13.7126345521426
Leeds	2010	Anxiety	Lifesci	12.2204607270038
Leeds	2011	Anxiety	Lifesci	13.3769128328053
Leeds	2012	Anxiety	Lifesci	13.096467729087
Leeds	2013	Anxiety	Lifesci	10.8528163410922
Leeds	2014	Anxiety	Lifesci	13.6798735841959
Leeds	2015	Anxiety	Lifesci	10.0448967084318
Leeds	2016	Anxiety	Lifesci	10.6117328762634
Leeds	2017	Anxiety	Lifesci	9.65161910423159
Leeds	1998	Musculoskeletal	Lifesci	10.1057006751918
Leeds	1999	Musculoskeletal	Lifesci	15.0458932834397
Leeds	2e3	Musculoskeletal	Lifesci	8.78592654736202
Leeds	2001	Musculoskeletal	Lifesci	12.5167362977953
Leeds	2002	Musculoskeletal	Lifesci	13.0527437417881
Leeds	2003	Musculoskeletal	Lifesci	14.8844501147415
Leeds	2004	Musculoskeletal	Lifesci	14.2598684275429
Leeds	2005	Musculoskeletal	Lifesci	15.261050928637
Leeds	2006	Musculoskeletal	Lifesci	15.707280376971
Leeds	2007	Musculoskeletal	Lifesci	15.0247626212674
Leeds	2008	Musculoskeletal	Lifesci	16.5200897627798
Leeds	2009	Musculoskeletal	Lifesci	13.7855246765871
Leeds	2010	Musculoskeletal	Lifesci	15.5495264970286
Leeds	2011	Musculoskeletal	Lifesci	13.2329608068813
Leeds	2012	Musculoskeletal	Lifesci	14.6733501084751
Leeds	2013	Musculoskeletal	Lifesci	14.0073949306035
Leeds	2014	Musculoskeletal	Lifesci	15.1601672376068
Leeds	2015	Musculoskeletal	Lifesci	17.5916446114365
Leeds	2016	Musculoskeletal	Lifesci	17.0496508102393
Leeds	2017	Musculoskeletal	Lifesci	17.1922588167656
Newcastle	1998	Cancer	Lifesci	15.0722117731277
Newcastle	1999	Cancer	Lifesci	16.7310964561231
Newcastle	2e3	Cancer	Lifesci	18.616128032358
Newcastle	2001	Cancer	Lifesci	17.6157624548776
Newcastle	2002	Cancer	Lifesci	18.6372423880205
Newcastle	2003	Cancer	Lifesci	18.0250383801406
Newcastle	2004	Cancer	Lifesci	20.2383449747999
Newcastle	2005	Cancer	Lifesci	17.5619869624682
Newcastle	2006	Cancer	Lifesci	18.8422147875942
Newcastle	2007	Cancer	Lifesci	19.0116647029679
Newcastle	2008	Cancer	Lifesci	18.0293641347792
Newcastle	2009	Cancer	Lifesci	19.4259458520778
Newcastle	2010	Cancer	Lifesci	20.4806583605629
Newcastle	2011	Cancer	Lifesci	17.3688463466871
Newcastle	2012	Cancer	Lifesci	19.0929363717721
Newcastle	2013	Cancer	Lifesci	21.0651748408002
Newcastle	2014	Cancer	Lifesci	18.6211949166122
Newcastle	2015	Cancer	Lifesci	18.7158228475781
Newcastle	2016	Cancer	Lifesci	19.5408809732651
Newcastle	2017	Cancer	Lifesci	17.9995964891362
Newcastle	1998	Depression	Lifesci	18.1952985372834
Newcastle	1999	Depression	Lifesci	20.9018066067207
Newcastle	2e3	Depression	Lifesci	16.0784994492158
Newcastle	2001	Depression	Lifesci	17.6889387871743
Newcastle	2002	Depression	Lifesci	15.8325527336996
Newcastle	2003	Depression	Lifesci	17.0338589657191
Newcastle	2004	Depression	Lifesci	10.7810412440135
Newcastle	2005	Depression	Lifesci	12.3689052975792
Newcastle	2006	Depression	Lifesci	14.2085264565778
Newcastle	2007	Depression	Lifesci	15.3051114995432
Newcastle	2008	Depression	Lifesci	14.1901215596117
Newcastle	2009	Depression	Lifesci	11.6318846084911
Newcastle	2010	Depression	Lifesci	10.7920089271369
Newcastle	2011	Depression	Lifesci	8.3736043216571
Newcastle	2012	Depression	Lifesci	9.56921135151878
Newcastle	2013	Depression	Lifesci	14.7121900808264
Newcastle	2014	Depression	Lifesci	10.8784668898425
Newcastle	2015	Depression	Lifesci	9.3420588850158
Newcastle	2016	Depression	Lifesci	9.47131495692743
Newcastle	2017	Depression	Lifesci	9.68947010755095
Newcastle	1998	Anxiety	Lifesci	-4.07686656595742
Newcastle	1999	Anxiety	Lifesci	-2.17567531982517
Newcastle	2e3	Anxiety	Lifesci	-3.7552291510406
Newcastle	2001	Anxiety	Lifesci	-2.10693395734442
Newcastle	2002	Anxiety	Lifesci	-5.79844246384983
Newcastle	2003	Anxiety	Lifesci	-5.42451254368596
Newcastle	2004	Anxiety	Lifesci	-6.94736202268207
Newcastle	2005	Anxiety	Lifesci	-9.6490319309435
Newcastle	2006	Anxiety	Lifesci	-7.4760192888452
Newcastle	2007	Anxiety	Lifesci	-10.407787868727
Newcastle	2008	Anxiety	Lifesci	-10.6420833706727
Newcastle	2009	Anxiety	Lifesci	-10.4258182746717
Newcastle	2010	Anxiety	Lifesci	-12.444164102623
Newcastle	2011	Anxiety	Lifesci	-12.8376412887614
Newcastle	2012	Anxiety	Lifesci	-14.838973728523
Newcastle	2013	Anxiety	Lifesci	-15.0430723206648
Newcastle	2014	Anxiety	Lifesci	-12.5088849245914
Newcastle	2015	Anxiety	Lifesci	-13.8807715736561
Newcastle	2016	Anxiety	Lifesci	-13.5477008690299
Newcastle	2017	Anxiety	Lifesci	-14.7599020857697
Newcastle	1998	Musculoskeletal	Lifesci	4.50919033046461
Newcastle	1999	Musculoskeletal	Lifesci	3.88880916225945
Newcastle	2e3	Musculoskeletal	Lifesci	5.38720558693741
Newcastle	2001	Musculoskeletal	Lifesci	5.9365029538686
Newcastle	2002	Musculoskeletal	Lifesci	8.64518613109885
Newcastle	2003	Musculoskeletal	Lifesci	10.3773367622842
Newcastle	2004	Musculoskeletal	Lifesci	7.55274170978684
Newcastle	2005	Musculoskeletal	Lifesci	10.8721127442345
Newcastle	2006	Musculoskeletal	Lifesci	9.13449350606257
Newcastle	2007	Musculoskeletal	Lifesci	9.65213347499234
Newcastle	2008	Musculoskeletal	Lifesci	13.185178729124
Newcastle	2009	Musculoskeletal	Lifesci	14.5683080506497
Newcastle	2010	Musculoskeletal	Lifesci	15.6534169875019
Newcastle	2011	Musculoskeletal	Lifesci	16.3560782096665
Newcastle	2012	Musculoskeletal	Lifesci	18.0461533076425
Newcastle	2013	Musculoskeletal	Lifesci	12.0602516420365
Newcastle	2014	Musculoskeletal	Lifesci	13.7441228661603
Newcastle	2015	Musculoskeletal	Lifesci	17.8998225723578
Newcastle	2016	Musculoskeletal	Lifesci	12.5489341882742
Newcastle	2017	Musculoskeletal	Lifesci	12.5487063669087
Bham	1998	Cancer	Lifesci	30.2207789300338
Bham	1999	Cancer	Lifesci	34.3101769281921
Bham	2e3	Cancer	Lifesci	31.894763764162
Bham	2001	Cancer	Lifesci	29.7742571867849
Bham	2002	Cancer	Lifesci	29.9037536662599
Bham	2003	Cancer	Lifesci	27.9879588539017
Bham	2004	Cancer	Lifesci	31.361224915532
Bham	2005	Cancer	Lifesci	33.6161810820007
Bham	2006	Cancer	Lifesci	33.7179166213132
Bham	2007	Cancer	Lifesci	33.9939059048228
Bham	2008	Cancer	Lifesci	31.5688823568426
Bham	2009	Cancer	Lifesci	34.3779297155847
Bham	2010	Cancer	Lifesci	31.8959426837886
Bham	2011	Cancer	Lifesci	32.3790877035098
Bham	2012	Cancer	Lifesci	31.9921571008364
Bham	2013	Cancer	Lifesci	37.5902675161432
Bham	2014	Cancer	Lifesci	35.5527284015292
Bham	2015	Cancer	Lifesci	34.8259614101202
Bham	2016	Cancer	Lifesci	34.1764850663924
Bham	2017	Cancer	Lifesci	34.6117136094214
Bham	1998	Depression	Lifesci	6.90871142930037
Bham	1999	Depression	Lifesci	10.2717812066498
Bham	2e3	Depression	Lifesci	8.35264427405829
Bham	2001	Depression	Lifesci	3.07327842956059
Bham	2002	Depression	Lifesci	4.83927305285145
Bham	2003	Depression	Lifesci	4.15854944380122
Bham	2004	Depression	Lifesci	4.55721969705071
Bham	2005	Depression	Lifesci	5.4480054787163
Bham	2006	Depression	Lifesci	2.98123070530614
Bham	2007	Depression	Lifesci	3.56519630237646
Bham	2008	Depression	Lifesci	3.85668480198779
Bham	2009	Depression	Lifesci	0.212516616443211
Bham	2010	Depression	Lifesci	5.31702190661728
Bham	2011	Depression	Lifesci	2.2570530763013
Bham	2012	Depression	Lifesci	2.52291003168131
Bham	2013	Depression	Lifesci	3.06361894201117
Bham	2014	Depression	Lifesci	5.63620991352816
Bham	2015	Depression	Lifesci	8.47876881064122
Bham	2016	Depression	Lifesci	1.66456963296055
Bham	2017	Depression	Lifesci	7.01379529779854
Bham	1998	Anxiety	Lifesci	-0.499402429031374
Bham	1999	Anxiety	Lifesci	-1.27611628184445
Bham	2e3	Anxiety	Lifesci	2.19240727588278
Bham	2001	Anxiety	Lifesci	-1.60207738496911
Bham	2002	Anxiety	Lifesci	1.53117958620575
Bham	2003	Anxiety	Lifesci	-1.54545143520676
Bham	2004	Anxiety	Lifesci	-0.781585173257858
Bham	2005	Anxiety	Lifesci	-4.6202197403389
Bham	2006	Anxiety	Lifesci	-3.7357391255642
Bham	2007	Anxiety	Lifesci	-0.932625428385023
Bham	2008	Anxiety	Lifesci	-3.55499845712878
Bham	2009	Anxiety	Lifesci	-5.10533025519789
Bham	2010	Anxiety	Lifesci	-4.64346165928044
Bham	2011	Anxiety	Lifesci	-7.5471730125682
Bham	2012	Anxiety	Lifesci	-6.13211251462305
Bham	2013	Anxiety	Lifesci	-6.7614715559304
Bham	2014	Anxiety	Lifesci	-8.00364844166523
Bham	2015	Anxiety	Lifesci	-6.48938520099704
Bham	2016	Anxiety	Lifesci	-5.39656006686635
Bham	2017	Anxiety	Lifesci	-5.56709137175643
Bham	1998	Musculoskeletal	Lifesci	2.16497072659096
Bham	1999	Musculoskeletal	Lifesci	6.10909729434339
Bham	2e3	Musculoskeletal	Lifesci	3.68715820562939
Bham	2001	Musculoskeletal	Lifesci	4.88737075117595
Bham	2002	Musculoskeletal	Lifesci	3.90474575150944
Bham	2003	Musculoskeletal	Lifesci	8.02363557440231
Bham	2004	Musculoskeletal	Lifesci	4.7968739538702
Bham	2005	Musculoskeletal	Lifesci	1.80596583179515
Bham	2006	Musculoskeletal	Lifesci	3.00600644418244
Bham	2007	Musculoskeletal	Lifesci	5.23785594785478
Bham	2008	Musculoskeletal	Lifesci	3.58443620639032
Bham	2009	Musculoskeletal	Lifesci	2.67348632498296
Bham	2010	Musculoskeletal	Lifesci	3.5803711937181
Bham	2011	Musculoskeletal	Lifesci	1.85724735958655
Bham	2012	Musculoskeletal	Lifesci	4.08101034913548
Bham	2013	Musculoskeletal	Lifesci	6.34231817279254
Bham	2014	Musculoskeletal	Lifesci	8.47698797904964
Bham	2015	Musculoskeletal	Lifesci	6.24744019407786
Bham	2016	Musculoskeletal	Lifesci	7.3190166064664
Bham	2017	Musculoskeletal	Lifesci	6.05310646324238
Manc	1998	Cancer	Construction	21.7176212621333
Manc	1999	Cancer	Construction	25.2988725097243
Manc	2e3	Cancer	Construction	24.3360733794197
Manc	2001	Cancer	Construction	21.5670968013145
Manc	2002	Cancer	Construction	21.464026442448
Manc	2003	Cancer	Construction	21.3059404479229
Manc	2004	Cancer	Construction	21.0653460250425
Manc	2005	Cancer	Construction	20.7348678424427
Manc	2006	Cancer	Construction	20.1801705613192
Manc	2007	Cancer	Construction	16.5770744440556
Manc	2008	Cancer	Construction	21.5135232743109
Manc	2009	Cancer	Construction	18.8126522511147
Manc	2010	Cancer	Construction	15.8099353679471
Manc	2011	Cancer	Construction	15.1718878903275
Manc	2012	Cancer	Construction	15.813964684796
Manc	2013	Cancer	Construction	15.3323719382481
Manc	2014	Cancer	Construction	17.4930464144422
Manc	2015	Cancer	Construction	14.8397944014032
Manc	2016	Cancer	Construction	13.7582920757394
Manc	2017	Cancer	Construction	15.1645886095799
Manc	1998	Depression	Construction	4.89151483397625
Manc	1999	Depression	Construction	4.58868080838626
Manc	2e3	Depression	Construction	4.7144307360152
Manc	2001	Depression	Construction	3.86026594073962
Manc	2002	Depression	Construction	0.729760772593818
Manc	2003	Depression	Construction	0.248261652768144
Manc	2004	Depression	Construction	1.30690242512968
Manc	2005	Depression	Construction	1.06938766854111
Manc	2006	Depression	Construction	-0.784514283033194
Manc	2007	Depression	Construction	-1.55617400925428
Manc	2008	Depression	Construction	-3.41317878313996
Manc	2009	Depression	Construction	-3.45990138203649
Manc	2010	Depression	Construction	-4.72815745615906
Manc	2011	Depression	Construction	-7.37769737811692
Manc	2012	Depression	Construction	-7.87659733395241
Manc	2013	Depression	Construction	-7.82398134697453
Manc	2014	Depression	Construction	-5.18368147044092
Manc	2015	Depression	Construction	-5.91421167677784
Manc	2016	Depression	Construction	-8.27938297238728
Manc	2017	Depression	Construction	-7.99249648045543
Manc	1998	Anxiety	Construction	8.58528728271764
Manc	1999	Anxiety	Construction	12.777784857498
Manc	2e3	Anxiety	Construction	7.1062551899034
Manc	2001	Anxiety	Construction	9.40175345934425
Manc	2002	Anxiety	Construction	8.90968493105991
Manc	2003	Anxiety	Construction	7.73267201550968
Manc	2004	Anxiety	Construction	7.98870703310934
Manc	2005	Anxiety	Construction	8.22739371461351
Manc	2006	Anxiety	Construction	2.63755337421934
Manc	2007	Anxiety	Construction	5.90970305429714
Manc	2008	Anxiety	Construction	4.99634244552983
Manc	2009	Anxiety	Construction	5.20099707243907
Manc	2010	Anxiety	Construction	4.11249716678347
Manc	2011	Anxiety	Construction	-0.395766456164095
Manc	2012	Anxiety	Construction	0.457112014167493
Manc	2013	Anxiety	Construction	-0.999735976257718
Manc	2014	Anxiety	Construction	-3.73055493595615
Manc	2015	Anxiety	Construction	-1.09815678381299
Manc	2016	Anxiety	Construction	-1.76233694433487
Manc	2017	Anxiety	Construction	-4.2120274025382
Manc	1998	Musculoskeletal	Construction	5.08984676154408
Manc	1999	Musculoskeletal	Construction	6.11904664717876
Manc	2e3	Musculoskeletal	Construction	2.18395191380157
Manc	2001	Musculoskeletal	Construction	0.345902795972612
Manc	2002	Musculoskeletal	Construction	3.24054394648335
Manc	2003	Musculoskeletal	Construction	2.3287990906683
Manc	2004	Musculoskeletal	Construction	1.51840253954564
Manc	2005	Musculoskeletal	Construction	1.50793289719517
Manc	2006	Musculoskeletal	Construction	2.52137631599252
Manc	2007	Musculoskeletal	Construction	3.35785246966165
Manc	2008	Musculoskeletal	Construction	-0.98943031668241
Manc	2009	Musculoskeletal	Construction	3.3930180179919
Manc	2010	Musculoskeletal	Construction	2.06632419217519
Manc	2011	Musculoskeletal	Construction	1.67921505455502
Manc	2012	Musculoskeletal	Construction	-0.264166423979371
Manc	2013	Musculoskeletal	Construction	1.80123986467498
Manc	2014	Musculoskeletal	Construction	-1.12025388994002
Manc	2015	Musculoskeletal	Construction	-0.727902098276684
Manc	2016	Musculoskeletal	Construction	0.679831145711677
Manc	2017	Musculoskeletal	Construction	1.23009782313227
Shef	1998	Cancer	Construction	13.5720598541514
Shef	1999	Cancer	Construction	7.84010164394657
Shef	2e3	Cancer	Construction	12.0806146135451
Shef	2001	Cancer	Construction	10.220861509197
Shef	2002	Cancer	Construction	10.2202881842258
Shef	2003	Cancer	Construction	8.0942463727943
Shef	2004	Cancer	Construction	11.0999823709759
Shef	2005	Cancer	Construction	8.72282697307341
Shef	2006	Cancer	Construction	7.28164155924463
Shef	2007	Cancer	Construction	7.15001312070433
Shef	2008	Cancer	Construction	8.84596681436385
Shef	2009	Cancer	Construction	10.2182113766046
Shef	2010	Cancer	Construction	8.6639632592427
Shef	2011	Cancer	Construction	10.1208701292643
Shef	2012	Cancer	Construction	8.49132280613392
Shef	2013	Cancer	Construction	12.700872385811
Shef	2014	Cancer	Construction	8.67995298945414
Shef	2015	Cancer	Construction	11.0600975596857
Shef	2016	Cancer	Construction	10.6406657115189
Shef	2017	Cancer	Construction	10.555799444939
Shef	1998	Depression	Construction	-6.96845015380389
Shef	1999	Depression	Construction	-5.063244664071
Shef	2e3	Depression	Construction	-5.10610186627031
Shef	2001	Depression	Construction	-5.31873595352997
Shef	2002	Depression	Construction	-12.0590147541536
Shef	2003	Depression	Construction	-11.5979494451515
Shef	2004	Depression	Construction	-9.37369131999004
Shef	2005	Depression	Construction	-11.8422894364285
Shef	2006	Depression	Construction	-13.2400221395199
Shef	2007	Depression	Construction	-15.7366085684899
Shef	2008	Depression	Construction	-16.8719141415774
Shef	2009	Depression	Construction	-16.2078715824681
Shef	2010	Depression	Construction	-17.5889711712309
Shef	2011	Depression	Construction	-12.9773703995238
Shef	2012	Depression	Construction	-14.5631097107933
Shef	2013	Depression	Construction	-16.1116395938795
Shef	2014	Depression	Construction	-14.0049524291804
Shef	2015	Depression	Construction	-16.779742412016
Shef	2016	Depression	Construction	-19.0031531175628
Shef	2017	Depression	Construction	-18.1646275940204
Shef	1998	Anxiety	Construction	20.4701000461079
Shef	1999	Anxiety	Construction	13.6683792911119
Shef	2e3	Anxiety	Construction	17.5360113739605
Shef	2001	Anxiety	Construction	14.045270299853
Shef	2002	Anxiety	Construction	13.6806801305608
Shef	2003	Anxiety	Construction	11.4542642488331
Shef	2004	Anxiety	Construction	12.2557261668883
Shef	2005	Anxiety	Construction	9.85657729111697
Shef	2006	Anxiety	Construction	9.37773316245925
Shef	2007	Anxiety	Construction	9.68189937966831
Shef	2008	Anxiety	Construction	9.49435580230104
Shef	2009	Anxiety	Construction	9.05970289341471
Shef	2010	Anxiety	Construction	6.39433181152807
Shef	2011	Anxiety	Construction	5.93676696972192
Shef	2012	Anxiety	Construction	7.61099027881152
Shef	2013	Anxiety	Construction	8.28485953010207
Shef	2014	Anxiety	Construction	6.04460725410098
Shef	2015	Anxiety	Construction	5.85954473940175
Shef	2016	Anxiety	Construction	7.58159379129406
Shef	2017	Anxiety	Construction	9.36188302364206
Shef	1998	Musculoskeletal	Construction	-5.13806371225744
Shef	1999	Musculoskeletal	Construction	-4.72688484567813
Shef	2e3	Musculoskeletal	Construction	-1.73948825368097
Shef	2001	Musculoskeletal	Construction	-4.00417151602181
Shef	2002	Musculoskeletal	Construction	-0.761927743342422
Shef	2003	Musculoskeletal	Construction	0.661105924010968
Shef	2004	Musculoskeletal	Construction	-1.21018371941853
Shef	2005	Musculoskeletal	Construction	-2.23350433640529
Shef	2006	Musculoskeletal	Construction	-3.24301674787851
Shef	2007	Musculoskeletal	Construction	0.490313639437024
Shef	2008	Musculoskeletal	Construction	0.355821614065827
Shef	2009	Musculoskeletal	Construction	0.61303790914195
Shef	2010	Musculoskeletal	Construction	-1.36307375019844
Shef	2011	Musculoskeletal	Construction	0.248529359854573
Shef	2012	Musculoskeletal	Construction	1.41455332227381
Shef	2013	Musculoskeletal	Construction	-2.54057334706119
Shef	2014	Musculoskeletal	Construction	3.95759896374311
Shef	2015	Musculoskeletal	Construction	1.5051846122385
Shef	2016	Musculoskeletal	Construction	0.193452196491333
Shef	2017	Musculoskeletal	Construction	1.54331633939331
Leeds	1998	Cancer	Construction	25.2280815120428
Leeds	1999	Cancer	Construction	26.4291402596474
Leeds	2e3	Cancer	Construction	24.3279117525008
Leeds	2001	Cancer	Construction	27.204482675355
Leeds	2002	Cancer	Construction	29.4813321141058
Leeds	2003	Cancer	Construction	28.8964320963035
Leeds	2004	Cancer	Construction	24.9348606540217
Leeds	2005	Cancer	Construction	20.6817042647337
Leeds	2006	Cancer	Construction	21.6620815644547
Leeds	2007	Cancer	Construction	22.6935183448171
Leeds	2008	Cancer	Construction	23.0901877939959
Leeds	2009	Cancer	Construction	20.7515403684378
Leeds	2010	Cancer	Construction	18.6555355189655
Leeds	2011	Cancer	Construction	19.7999796653654
Leeds	2012	Cancer	Construction	19.0474667378664
Leeds	2013	Cancer	Construction	19.9326111414538
Leeds	2014	Cancer	Construction	17.9113695427026
Leeds	2015	Cancer	Construction	15.126613602584
Leeds	2016	Cancer	Construction	20.7659966106948
Leeds	2017	Cancer	Construction	15.8116988346627
Leeds	1998	Depression	Construction	-4.3294163025599
Leeds	1999	Depression	Construction	-4.56418843971897
Leeds	2e3	Depression	Construction	-5.36308059153409
Leeds	2001	Depression	Construction	-6.07268535604905
Leeds	2002	Depression	Construction	-7.71591235318795
Leeds	2003	Depression	Construction	-7.16683542675551
Leeds	2004	Depression	Construction	-9.54346265197248
Leeds	2005	Depression	Construction	-10.6514371909596
Leeds	2006	Depression	Construction	-12.4541677429945
Leeds	2007	Depression	Construction	-10.8976289607258
Leeds	2008	Depression	Construction	-11.1229788991574
Leeds	2009	Depression	Construction	-10.3862728183533
Leeds	2010	Depression	Construction	-9.8284381031125
Leeds	2011	Depression	Construction	-11.8074354478289
Leeds	2012	Depression	Construction	-11.2121506548616
Leeds	2013	Depression	Construction	-12.5756304915911
Leeds	2014	Depression	Construction	-11.6214715055804
Leeds	2015	Depression	Construction	-12.6815771802337
Leeds	2016	Depression	Construction	-14.4980616736964
Leeds	2017	Depression	Construction	-15.4618583085907
Leeds	1998	Anxiety	Construction	11.4297911946448
Leeds	1999	Anxiety	Construction	12.2178237023908
Leeds	2e3	Anxiety	Construction	11.2332591086295
Leeds	2001	Anxiety	Construction	8.90891469454577
Leeds	2002	Anxiety	Construction	6.24017175552454
Leeds	2003	Anxiety	Construction	8.64072472947857
Leeds	2004	Anxiety	Construction	8.47414564619495
Leeds	2005	Anxiety	Construction	10.2757872638262
Leeds	2006	Anxiety	Construction	7.8310446759749
Leeds	2007	Anxiety	Construction	5.85570829076137
Leeds	2008	Anxiety	Construction	8.76411779741525
Leeds	2009	Anxiety	Construction	4.91883639761878
Leeds	2010	Anxiety	Construction	8.2811898727987
Leeds	2011	Anxiety	Construction	7.54174225956219
Leeds	2012	Anxiety	Construction	4.880420207206
Leeds	2013	Anxiety	Construction	2.33720946177841
Leeds	2014	Anxiety	Construction	0.692771655701642
Leeds	2015	Anxiety	Construction	2.92485928176401
Leeds	2016	Anxiety	Construction	4.29164690760538
Leeds	2017	Anxiety	Construction	0.546148467259236
Leeds	1998	Musculoskeletal	Construction	1.39305131575141
Leeds	1999	Musculoskeletal	Construction	-0.192719155663218
Leeds	2e3	Musculoskeletal	Construction	2.80824849246079
Leeds	2001	Musculoskeletal	Construction	3.3055471253853
Leeds	2002	Musculoskeletal	Construction	5.16918312726028
Leeds	2003	Musculoskeletal	Construction	6.09597824265232
Leeds	2004	Musculoskeletal	Construction	6.55060346582132
Leeds	2005	Musculoskeletal	Construction	7.4747125618071
Leeds	2006	Musculoskeletal	Construction	9.12642479413289
Leeds	2007	Musculoskeletal	Construction	9.03093624760227
Leeds	2008	Musculoskeletal	Construction	6.79340146029873
Leeds	2009	Musculoskeletal	Construction	7.61982483013745
Leeds	2010	Musculoskeletal	Construction	9.85458392778582
Leeds	2011	Musculoskeletal	Construction	13.4370420707405
Leeds	2012	Musculoskeletal	Construction	11.9032077724476
Leeds	2013	Musculoskeletal	Construction	10.6141521665774
Leeds	2014	Musculoskeletal	Construction	9.90143861753358
Leeds	2015	Musculoskeletal	Construction	8.40695999824523
Leeds	2016	Musculoskeletal	Construction	8.26502014937002
Leeds	2017	Musculoskeletal	Construction	9.58123516137875
Newcastle	1998	Cancer	Construction	10.9218506774252
Newcastle	1999	Cancer	Construction	9.5708692487134
Newcastle	2e3	Cancer	Construction	7.68757890259561
Newcastle	2001	Cancer	Construction	8.77625875140252
Newcastle	2002	Cancer	Construction	9.08788251994887
Newcastle	2003	Cancer	Construction	8.04065503405434
Newcastle	2004	Cancer	Construction	12.2071121332076
Newcastle	2005	Cancer	Construction	7.41334919637268
Newcastle	2006	Cancer	Construction	8.00459400587336
Newcastle	2007	Cancer	Construction	7.10076266685848
Newcastle	2008	Cancer	Construction	7.69467281011767
Newcastle	2009	Cancer	Construction	6.26587306598504
Newcastle	2010	Cancer	Construction	4.4601119147441
Newcastle	2011	Cancer	Construction	7.13762117301912
Newcastle	2012	Cancer	Construction	3.82928016757718
Newcastle	2013	Cancer	Construction	7.78537442971413
Newcastle	2014	Cancer	Construction	7.730082175192
Newcastle	2015	Cancer	Construction	7.46079647761774
Newcastle	2016	Cancer	Construction	4.85191350422036
Newcastle	2017	Cancer	Construction	4.24452363041254
Newcastle	1998	Depression	Construction	-4.38016559072561
Newcastle	1999	Depression	Construction	-0.135474957720819
Newcastle	2e3	Depression	Construction	-8.15893670390431
Newcastle	2001	Depression	Construction	-6.42784820370426
Newcastle	2002	Depression	Construction	-4.35743456470002
Newcastle	2003	Depression	Construction	-10.3366755060072
Newcastle	2004	Depression	Construction	-8.35280361751715
Newcastle	2005	Depression	Construction	-9.62920538766589
Newcastle	2006	Depression	Construction	-6.17462708381475
Newcastle	2007	Depression	Construction	-10.4789473087377
Newcastle	2008	Depression	Construction	-7.44065720477488
Newcastle	2009	Depression	Construction	-10.183818467875
Newcastle	2010	Depression	Construction	-7.8163165294341
Newcastle	2011	Depression	Construction	-11.7099450797795
Newcastle	2012	Depression	Construction	-10.4327686431761
Newcastle	2013	Depression	Construction	-12.8936952270956
Newcastle	2014	Depression	Construction	-14.9802014022218
Newcastle	2015	Depression	Construction	-15.8506677006758
Newcastle	2016	Depression	Construction	-19.4392216386217
Newcastle	2017	Depression	Construction	-18.0258598836
Newcastle	1998	Anxiety	Construction	12.330964914236
Newcastle	1999	Anxiety	Construction	9.47809213539578
Newcastle	2e3	Anxiety	Construction	10.6691399636751
Newcastle	2001	Anxiety	Construction	12.1670354570136
Newcastle	2002	Anxiety	Construction	10.4076433288022
Newcastle	2003	Anxiety	Construction	6.89315976257643
Newcastle	2004	Anxiety	Construction	8.73201091595891
Newcastle	2005	Anxiety	Construction	7.18660653100927
Newcastle	2006	Anxiety	Construction	7.86805412561059
Newcastle	2007	Anxiety	Construction	5.29685369653854
Newcastle	2008	Anxiety	Construction	4.24892943630306
Newcastle	2009	Anxiety	Construction	3.51891473344712
Newcastle	2010	Anxiety	Construction	0.0854169106122376
Newcastle	2011	Anxiety	Construction	-0.0944674267393468
Newcastle	2012	Anxiety	Construction	0.122566136262784
Newcastle	2013	Anxiety	Construction	1.54343424025856
Newcastle	2014	Anxiety	Construction	-2.38572432889995
Newcastle	2015	Anxiety	Construction	-1.10175335781055
Newcastle	2016	Anxiety	Construction	-3.9516050565073
Newcastle	2017	Anxiety	Construction	-0.613491311184474
Newcastle	1998	Musculoskeletal	Construction	-2.25704895429226
Newcastle	1999	Musculoskeletal	Construction	-5.19923211071994
Newcastle	2e3	Musculoskeletal	Construction	-2.76512856639994
Newcastle	2001	Musculoskeletal	Construction	-3.9506050762576
Newcastle	2002	Musculoskeletal	Construction	-6.48762285834868
Newcastle	2003	Musculoskeletal	Construction	-5.02740787748189
Newcastle	2004	Musculoskeletal	Construction	-3.30008180113537
Newcastle	2005	Musculoskeletal	Construction	-2.20650064283009
Newcastle	2006	Musculoskeletal	Construction	-8.07851123012191
Newcastle	2007	Musculoskeletal	Construction	-4.74720493250987
Newcastle	2008	Musculoskeletal	Construction	0.236317595928314
Newcastle	2009	Musculoskeletal	Construction	-2.96893369298344
Newcastle	2010	Musculoskeletal	Construction	-1.60687741102128
Newcastle	2011	Musculoskeletal	Construction	-3.96838134407255
Newcastle	2012	Musculoskeletal	Construction	-2.89005093936439
Newcastle	2013	Musculoskeletal	Construction	-1.39320857907006
Newcastle	2014	Musculoskeletal	Construction	-4.84280437446887
Newcastle	2015	Musculoskeletal	Construction	-0.814274183862049
Newcastle	2016	Musculoskeletal	Construction	-0.836476996864724
Newcastle	2017	Musculoskeletal	Construction	-0.86393466514898
Bham	1998	Cancer	Construction	15.2045767293491
Bham	1999	Cancer	Construction	16.5061173429522
Bham	2e3	Cancer	Construction	17.4564639330349
Bham	2001	Cancer	Construction	17.7351689434208
Bham	2002	Cancer	Construction	15.79998356975
Bham	2003	Cancer	Construction	14.2834525259571
Bham	2004	Cancer	Construction	16.3706477255139
Bham	2005	Cancer	Construction	15.667295601536
Bham	2006	Cancer	Construction	14.174958504537
Bham	2007	Cancer	Construction	14.8803801432319
Bham	2008	Cancer	Construction	14.6709881098666
Bham	2009	Cancer	Construction	15.0942282981079
Bham	2010	Cancer	Construction	15.9726267430037
Bham	2011	Cancer	Construction	14.8757905198109
Bham	2012	Cancer	Construction	12.4380089871631
Bham	2013	Cancer	Construction	14.3647083590202
Bham	2014	Cancer	Construction	10.5272868337464
Bham	2015	Cancer	Construction	9.57947135599253
Bham	2016	Cancer	Construction	12.2397520563265
Bham	2017	Cancer	Construction	13.0526926243116
Bham	1998	Depression	Construction	9.18896402840542
Bham	1999	Depression	Construction	5.60087564669181
Bham	2e3	Depression	Construction	5.09332049055578
Bham	2001	Depression	Construction	0.973673799575294
Bham	2002	Depression	Construction	2.65912227072528
Bham	2003	Depression	Construction	4.31260481505152
Bham	2004	Depression	Construction	0.45393499898895
Bham	2005	Depression	Construction	1.00400178696513
Bham	2006	Depression	Construction	1.41722077131665
Bham	2007	Depression	Construction	3.95920775228836
Bham	2008	Depression	Construction	4.37489528289017
Bham	2009	Depression	Construction	2.42400664210748
Bham	2010	Depression	Construction	1.68759935013318
Bham	2011	Depression	Construction	7.06697776431009
Bham	2012	Depression	Construction	5.66602480111147
Bham	2013	Depression	Construction	6.55003864005236
Bham	2014	Depression	Construction	2.76323653242684
Bham	2015	Depression	Construction	2.43587893857766
Bham	2016	Depression	Construction	1.1924556328811
Bham	2017	Depression	Construction	-1.88221566257409
Bham	1998	Anxiety	Construction	17.4851095662509
Bham	1999	Anxiety	Construction	11.188155548222
Bham	2e3	Anxiety	Construction	11.4074561530741
Bham	2001	Anxiety	Construction	11.98846092342
Bham	2002	Anxiety	Construction	8.65632470443663
Bham	2003	Anxiety	Construction	12.06312767555
Bham	2004	Anxiety	Construction	14.5981181732226
Bham	2005	Anxiety	Construction	9.53169593143006
Bham	2006	Anxiety	Construction	12.0051132030963
Bham	2007	Anxiety	Construction	6.23292770611972
Bham	2008	Anxiety	Construction	8.12961296968717
Bham	2009	Anxiety	Construction	7.63420842296659
Bham	2010	Anxiety	Construction	7.06775611322591
Bham	2011	Anxiety	Construction	6.34401112801922
Bham	2012	Anxiety	Construction	2.86953524407456
Bham	2013	Anxiety	Construction	3.61662532715959
Bham	2014	Anxiety	Construction	5.76666379457711
Bham	2015	Anxiety	Construction	3.37394979250458
Bham	2016	Anxiety	Construction	-1.66596898333076
Bham	2017	Anxiety	Construction	-2.59993925773328
Bham	1998	Musculoskeletal	Construction	-0.586961633779733
Bham	1999	Musculoskeletal	Construction	-3.1283967109034
Bham	2e3	Musculoskeletal	Construction	-3.05933764222992
Bham	2001	Musculoskeletal	Construction	0.0762420735579186
Bham	2002	Musculoskeletal	Construction	-4.83327812098507
Bham	2003	Musculoskeletal	Construction	-7.10177558289219
Bham	2004	Musculoskeletal	Construction	-5.74619561111669
Bham	2005	Musculoskeletal	Construction	-4.84315943129226
Bham	2006	Musculoskeletal	Construction	-4.19164493785152
Bham	2007	Musculoskeletal	Construction	-6.39000805292624
Bham	2008	Musculoskeletal	Construction	-6.35402355196182
Bham	2009	Musculoskeletal	Construction	-5.03749415988785
Bham	2010	Musculoskeletal	Construction	-8.67319083572316
Bham	2011	Musculoskeletal	Construction	-7.81112979701697
Bham	2012	Musculoskeletal	Construction	-5.81466699411779
Bham	2013	Musculoskeletal	Construction	-4.91737312889742
Bham	2014	Musculoskeletal	Construction	-5.9452577976404
Bham	2015	Musculoskeletal	Construction	-6.97993770452137
Bham	2016	Musculoskeletal	Construction	-6.22544333311579
Bham	2017	Musculoskeletal	Construction	-6.85490320155459
